sentence_id,uid,split_
51320_201706-37-336,3bdf1d05ba4e6f6743fc9c15ac40ddc3,both
51320_201706-81-616,a1b66fd99b02aafa3c9d77eb0041266f,both
51320_201706-31-319,68be9d162fbe2c4077e6d8a07cc985b4,both
51320_201706-47-404,ee20d1767e9f6e9d9f8a6ead03df9c64,both
51320_201706-1-11,bb502075eb25cf979a06d6cb518fbb82,both
51320_201706-37-340,a1297f27fc2b282feeb3adb1c6b83b5a,both
51320_201706-19-177,1029943bb52c72239e8006fbc0888435,both
51320_201706-23-248,e0d86573eac046fe257932352c4dc7de,both
51320_201706-13-117,a2c0c24237a81ebd445a41bda8bce81a,both
51320_201706-93-800,01f44938ecb010d992e9c6a9f0a347a4,both
51320_201706-115-907,506fb5491bda18e0841994b39d52af58,both
51320_201706-11-90,5ec21f8f334a922161c83c2de1701e7b,both
51320_201706-113-894,b9a9b745d342b1a24affd0b163368711,both
51320_201706-9-64,a47970a51960a9fed3d22a4bff7265ff,both
51320_201706-81-621,ea6cb8345ea950619e90f1523c751142,both
51320_201706-27-286,803e6d4d194568d4765ba4817940f836,both
51320_201706-65-529,67b96abf3404f3f51cc18fbb282fb2f8,both
51320_201706-111-884,f504968abec8dc68ea200525fc68996b,both
51320_201706-63-521,8d4ca3c960ccc937e5ce654feb321e0d,both
51320_201706-45-399,b7606c3dd55c38f525061de74dcf9f61,both
51320_201706-93-797,577b7ffe2de41c5843fe38207c018b71,both
51320_201706-69-562,81c92de86018f111b4edc340626eb94e,both
51320_201706-71-575,9e8e814bca88ea9cc4bd00915c5c36e8,both
51320_201706-99-836,2af11f76f95447fcf4ee0ac5b65b21b1,both
51320_201706-111-878,69fd556a80975bc21a1b19f94e090ba5,both
51320_201706-5-35,680d4b5d376c11a13134e2ebda0a8cdb,both
51320_201706-23-249,6e7f9fca527c6482a9d7803ae613810d,both
51320_201706-85-694,521bc7d2f38a09aae7e30eff314b87d3,both
51320_201706-43-398,296b21068f461da6a7d01e2d11ca62ac,both
51320_201706-59-487,f7f6b00f3aaa46e8e6c0fb043e1f42b0,both
51320_201706-49-438,538a4f384fc1c11ee086e710f1b29083,both
51320_201706-89-772,9c03c26f47b418fa5ddc100a91a2fbbd,both
51320_201706-81-615,75166d9d92f89e8a46d0ad63f78c6df3,both
51320_201706-33-322,b172f345302fc8432903c59c26e565d9,both
51320_201706-15-121,d4eb5483029345b3f8cac20cecd09d9d,both
51320_201706-77-603,0e9e0932d0f4c51f1bb5024f86289b4b,both
51320_201706-5-41,099ee5b71ef60469a1c88c805e36d7a6,both
51320_201706-67-539,c4d29aa293020bf1ff670748445798bb,both
51320_201706-19-191,977a424b88bfbd4f6f7049b98d4c1384,both
51320_201706-15-125,d5ef0c6aa729ee6216a56f965d5661bd,both
51320_201706-75-601,eb5ed33a4a7a2579a345f6176dfc486e,both
51320_201706-63-518,2ffbca0c819b3289c2c8be4e69f717b9,both
51320_201706-79-611,7aa57cc0e24f59dccf00183dcfb9516e,both
51320_201706-15-135,9d6b12630225c7afdc11f69c98ad5e81,both
51320_201706-87-736,28f5b02cf15cacfe9fcc30df73be8588,both
51320_201706-39-345,9bf15e125eb5e1e3728ac04b0fd5b054,both
51320_201706-11-94,1d2c67d30fd60480b173ff290a52308a,both
51320_201706-37-339,d4ff0cd05588bda3e5d80b6d9adf1b56,both
51320_201706-41-374,ac3e9d0332b3716e7e5bc6365580e52a,both
51320_201706-73-579,d5df3a6e2bb330b5b12c7b121c7290f3,both
51320_201706-7-42,4135739c44b25a650f2b4c04c078f45d,both
51320_201706-119-930,e627f0effc6c4f4c03d498defeecf00f,both
51320_201706-35-331,7db95c510cff7ab912e739849019174f,both
51320_201706-89-764,272afb83983c2544551780ebc97329ac,both
51320_201706-11-95,601c48639641bf3652f7671905eaa134,both
51320_201706-83-648,a01e28b10e3890592c1c61ce5f186fdb,both
51320_201706-85-718,52e7c5e92d4e3fe9d3e85a1c0dad0639,both
51320_201706-1-6,b8e840435b7aee94ed2c110aab8f9611,both
51320_201706-29-301,6df8ed38b180892c6ad98bb2b8d8a410,both
51320_201706-33-321,df1a72a90bda6a3fae8574f31eaa2f70,both
51320_201706-119-927,8a75ec35ed91e203064b5da5d7039450,both
51320_201706-85-689,e1df62bb1999e1296d6d1d93d990254f,both
51320_201706-71-576,87c23ab619333cd79aa9f0b298b9bf78,both
51320_201706-99-846,d8a5d997bbdb663a59739aa20066ef31,both
51320_201706-115-900,f151c086985ecaa45472314f96eb85ff,both
51320_201706-117-921,024eae15defc77c44800e106e9ffc472,both
51320_201706-63-514,df5c3cf39dc939cf2f58064fd5682106,both
51320_201706-77-605,3bdf00732356b487917467a15184366b,both
51320_201706-115-902,cdf3a641eb37b86a25308ebd84c8d9cd,both
51320_201706-85-711,62e199a161e3ca8333696a3e1d09bc05,both
51320_201706-119-929,0db4876f97d8cd2458dfa31853dd7d10,both
51320_201706-61-493,70d6032ef88e5e0fa0432127055889d7,both
51320_201706-113-895,f146b2c47467a85d0a03fad6f9e270ba,both
51320_201706-93-791,2b447704acf9416d6d603fde4c147977,both
51320_201706-53-460,e1b13c91615bca0efbb80188e66693a2,both
51320_201706-125-1000,f0c49c8197db191cea4dab61d9b39ed3,smarie
51320_201706-55-469,82a0a4a6a3ba7e02beedbdb71c2184fa,smarie
51320_201706-119-931,514220cd972cf534da73fc04e60cb75e,smarie
51320_201706-119-923,b7a15db042ebbf37b0da7fbd911dd72e,smarie
51320_201706-9-66,3340086775626845f41bdc27c933dfa5,smarie
51320_201706-77-608,c7e7a49de0657097abed49774e14612e,smarie
51320_201706-117-917,1530d1a4943d121b4e7cb4cd129f929d,smarie
51320_201706-5-36,d18e0325639440bcde5573f7efd64e4e,smarie
51320_201706-11-89,fea5d4046eb51390c26281a189e94a09,smarie
51320_201706-19-185,7149500a400aca232ffec53859c7c462,smarie
51320_201706-33-324,431b24b5570804ca117ab72a587460e2,smarie
51320_201706-103-855,4841e88d873c23f8a5669e44aa47a8f1,smarie
51320_201706-91-785,0d7a4f19e88bf4310d57d33e55372c1a,smarie
51320_201706-35-332,af5a4a27815d80ded2e609baf4aa6be7,smarie
51320_201706-7-50,51d1edc34f6131f02776c028b9929b98,smarie
51320_201706-65-534,e9cbc43ca450df27d36175b2dca36514,smarie
51320_201706-39-344,26212ebb0ace06035bbd382f835d16e2,smarie
51320_201706-13-103,6445b9506a2c26d59bc4dc3da39f93bb,smarie
51320_201706-21-242,ab7334da2adcdd09942c4dceded31bc2,smarie
51320_201706-43-397,ec61e6908f211114de7ab1a566db6d6e,smarie
51320_201706-85-684,e94dddd0fa9fbcc95ed7fab5e79d1c96,smarie
51320_201706-3-29,8a7fdbca5352a344c30bedca2392cb47,smarie
51320_201706-29-314,eeb340a290f1ad0a54663e4cc4395798,smarie
51320_201706-37-341,d0e3c26197a0d9c8081faadcab3a9946,smarie
51320_201706-119-925,0964684c561b63aedc2b1f34483b4dec,smarie
51320_201706-3-20,7e88483dc211e6e31b68ef9775cf7b85,smarie
51320_201706-1-9,6644813a90014c52135d6e966a4c0377,smarie
51320_201706-57-479,96633136e1fdaf9ebd31f25de047423d,smarie
51320_201706-27-290,f34d34c604b13b67dba37c1e44aaaba4,smarie
51320_201706-17-145,1f2578b51829e7cd6cd44dc9dd62e73a,smarie
51320_201706-53-463,83c36a8f3ee96a49d6371a82b291cfdb,smarie
51320_201706-47-407,3408316ee432bf736358b541499dc17f,smarie
51320_201706-113-896,d868f76a9cbc486d117192a48891183b,smarie
51320_201706-3-19,e736e2935bd08055d28a1e67e578f600,smarie
51320_201706-125-1001,ea2ad6af219a8a4a12e7d33d40400240,smarie
51320_201706-15-124,be8ee2ee43054667e9bf1fce2b258ce0,smarie
51320_201706-19-207,36519bbd3d1cc6e5734aeeceda04fb0d,smarie
51320_201706-1-12,45f1ee718f597291b36af2b4f14bc765,smarie
51320_201706-115-908,b0a7af67174e7f184dcc08fb803251e8,smarie
51320_201706-97-830,486f236462bbd251e8e45d29f6a00b8c,smarie
51320_201706-49-419,e5373ed84f3aea8a23375be9bd02f0b1,smarie
51320_201706-43-395,cb1b731b7418ecafbc6e8793fa86da2d,smarie
51320_201706-3-21,d80df54cb32efe6e3e485f489a1bcac9,smarie
51320_201706-21-233,21b0b963977a00042d0c7b11c98f03a3,smarie
51320_201706-75-598,16869845bc5579c0b8f667d38fe7f2de,smarie
51320_201706-103-853,65c5c06f085bf067bbec2d46e9e94de9,smarie
51320_201706-59-483,fb76f503518cbd1cfa6c0dab9bd16b68,smarie
51320_201706-93-795,4f15804da9803c09310e93b2bf6ec9f5,smarie
51320_201706-121-950,12efcfa14395f1b0cc132488cbd015e8,smarie
51320_201706-117-916,669fc52b563662003c99acc2a2aee200,smarie
51320_201706-97-832,74c7d6cce7f283372ed1860af2866c56,smarie
51320_201706-53-458,33fecc07bd571dcb948270feb1a70b7b,smarie
51320_201706-13-101,71402280be46174f5a0e2a9235577767,smarie
51320_201706-101-850,045e2782d4f77d08934cf4e7be2d263e,smarie
51320_201706-55-468,230251472ca9b1acfe200cae7c6b0388,smarie
51320_201706-29-302,feced5e0ac8b04c5d935575745717f82,smarie
51320_201706-117-913,3f1bd3daea0c056588963649a3249872,smarie
51320_201706-121-954,42a678ecb8ff1888d686faea3ee3f1a6,smarie
51320_201706-59-482,8b202442eb8365d78042f0d6f2457bec,smarie
51320_201706-55-466,b2f56637148ba504379da4a9029ae843,smarie
51320_201706-1-17,3f2c09a94501d5ead86536faf7c9752c,smarie
51320_201706-87-727,22425400d00f26d7a5e996846542eeb7,smarie
51320_201706-83-662,6726b06ccf5cf3f3efcae07ab8ec244f,smarie
51320_201706-123-987,30265071f09a7076b3db6739b110c81d,smarie
51320_201706-81-633,bdc5ea7945b7f7249e7c938fab859308,smarie
51320_201706-93-802,8a5133310f1e31db3cbafe0f3a46663c,smarie
51320_201706-113-891,05cb330a16e21eae646d59d4b2076762,smarie
51320_201706-85-706,c7f9a927d32b9db334602b923c5926f7,smarie
51320_201706-21-238,0a117088c22693df4f83d914e4ce6685,smarie
51320_201706-111-882,8067a6a11bb1aa302a3d94d6ac282f8e,smarie
51320_201706-19-200,cbdeda44479c1092fad9ba18c43d205b,smarie
51320_201706-43-385,e4b057579c91a70b53f73ebc4c8abeeb,smarie
51320_201706-1-3,b55f383341160eedd0a32e6f89754f8f,smarie
51320_201706-57-478,e071e57c19c7b704b03e27f92019fbd7,smarie
51320_201706-89-766,f8d1b1677914425a4843519018af0269,smarie
51320_201706-85-712,63ae994a669abdea91570477db3db836,sjasmin
51320_201706-11-88,bf2f501715d8fe67ae0b54ceee7399aa,sjasmin
51320_201706-121-932,337c66cd2538ba76ad0354c1947701dd,sjasmin
51320_201706-43-388,2b2207578c0731ce9df0165452f367f7,sjasmin
51320_201706-79-614,2df2608c811747d3f65b55f1d5f10722,sjasmin
51320_201706-29-300,05ab699d9f4ebc8ac94472522b7496b5,sjasmin
51320_201706-51-441,b6123bd8991d9e89954d52fab8a2b9dd,sjasmin
51320_201706-1-13,61a313a2d0ac6e18f3376ee0b865c841,sjasmin
51320_201706-51-447,e9e3be44655dd75fce645564d8520b75,sjasmin
51320_201706-109-866,81f2b7d96cdbad319f82cc2007fe9668,sjasmin
51320_201706-37-337,4af1a24e2452ab57cb215447283f72ad,sjasmin
51320_201706-107-862,ff92e134c086fd2ff91a1c449fc4b32f,sjasmin
51320_201706-65-530,fbab96a3b29a26133e5a9fecdd1c177c,sjasmin
51320_201706-89-770,ed4215a1aef980005ef1612220d576f6,sjasmin
51320_201706-121-939,910ec431eceb6deebbcc2b364b97e4ca,sjasmin
51320_201706-75-596,e285d0996f8a6d99666579f5e4f3320d,sjasmin
51320_201706-125-1008,08ee1d243fd671f72a91dbde09fc81ff,sjasmin
51320_201706-61-509,4e0b932df92cfdbae168254ff4443454,sjasmin
51320_201706-11-87,3a4e0e5e36460fbd80532a953f7668c6,sjasmin
51320_201706-91-787,92fc44fdd52337c6b4be1fb109ea9241,sjasmin
51320_201706-83-663,db171fb623adf414045b3ad7fa174c99,sjasmin
51320_201706-99-835,b4c329705748ed79e3d84e797518be76,sjasmin
51320_201706-85-673,94151bd4c2b784df15c61f7a5663509a,sjasmin
51320_201706-91-783,c831bcd694f87f2901227446a7df6b3a,sjasmin
51320_201706-111-880,6d3061b864b4d3eba259b39f1b5495d9,sjasmin
51320_201706-59-489,00c780dff6c460d68e6889423f24b7b5,sjasmin
51320_201706-115-898,ede034dae69e16327f5bdcae745dd60e,sjasmin
51320_201706-39-346,946dcb20026d146bf7124171fdfcc705,sjasmin
51320_201706-79-612,23b9d2c51690edbffda06f9f1400be39,sjasmin
51320_201706-89-778,a11e86c136aea4fa921d828198f239ee,sjasmin
51320_201706-65-535,e966fba5f36fa6e9e9894b8cefb67776,sjasmin
51320_201706-117-919,25a428e59c591a9cd823345b824ce4f9,sjasmin
51320_201706-55-472,ae954e145bef9705f3c4251411659365,sjasmin
51320_201706-21-215,9845f7de99d25c0b35c06fc1de22689a,sjasmin
51320_201706-21-217,b991bed3caa55c1d6904039c6c9317dd,sjasmin
51320_201706-95-823,65633acfdb7ee92b80792ea7345cba6d,sjasmin
51320_201706-51-452,a2848cc3d19478908766b7fa7d087632,sjasmin
51320_201706-85-700,641a442625e212061d547e542e27cde2,sjasmin
51320_201706-13-118,48599803554a385eb157473c2eea674a,sjasmin
51320_201706-11-96,c46bf2dbe245c0a65cf86766ada6b44a,sjasmin
51320_201706-95-821,7a70afc8f91c2b4f75823891c947b068,sjasmin
51320_201706-49-416,5cdd76fb93f07c1390b9527016191629,sjasmin
51320_201706-71-570,136f27193369efbe2c9cd07e73b7394d,sjasmin
51320_201706-21-218,5938ebe42d46ecaaa138a8d2d7202d00,sjasmin
51320_201706-13-102,09bde931bb1ca89960e5d19dc77a830a,sjasmin
51320_201706-101-849,f7c8a1ac2a4a7ca2fbd0cc3fe3cb2831,sjasmin
51320_201706-49-425,4b2aad165b0e6b6e1566ba1b93c4fe7e,sjasmin
51320_201706-71-578,9e4194c6fbb9c0f859a1c605ee49fdec,sjasmin
51320_201706-73-580,bebddc72b03ad87dbc581f51afbf9ba6,sjasmin
51320_201706-17-140,8d926b340f5389f231bb1fcb8c65353a,sjasmin
51320_201706-1-7,ee8831f307e7ffe1fc9e540a6aa3b71a,sjasmin
51320_201706-31-318,be6126a8c8c0f20bc4b00a702f9ea058,sjasmin
51320_201706-41-380,efe225030a598cb4116d5be39673378f,sjasmin
51320_201706-23-259,98ee25ffae9ec4ea76413bba84775b77,sjasmin
51320_201706-93-813,dfa4a739d0746864ca282899062b967b,sjasmin
51320_201706-109-865,b0e96afe04fae6e621fb455e5af47101,sjasmin
51320_201706-25-276,ddd491fa27299f02779aae91145b1fbe,sjasmin
51320_201706-43-394,a4a4ebe06c6f45d6ffd8a9403fcc3d7f,sjasmin
51320_201706-15-133,cd0f685c47e5ca35c09ba55d9c116b85,sjasmin
51320_201706-63-513,becb20b15a86e0afdfe4bf75f475de11,sjasmin
51320_201706-121-944,18d2ae18c11a2753abdf0e674d93ded3,sjasmin
51320_201706-27-282,22df1f3d3009aca7b0bf2aca90e63327,sjasmin
51320_201706-87-745,7c63553225b41e53a29db2e52d73eff4,sjasmin
51320_201706-105-859,f173d80714d57b8dd37fd0883d3b9927,sjasmin
51320_201706-111-881,4883614a702dafbf3b63a217457e9202,sjasmin
51320_201706-67-540,1b01bf780fc6bad1e486ae9034e1d22e,sjasmin
51320_201706-43-392,e8ec9cc64075691a49176777668d8c7b,sjasmin
51320_201706-21-235,1f9548f56f2c228e1554b1d6859e0cf7,sjasmin
51320_201706-103-854,55c412e2a686ec1f24be302da7bd1315,sjasmin
51320_201706-23-258,3b8004347cb9e87acfd6ff1ac02a1a3b,sjasmin
51320_201706-27-287,480657594d477fff90fbd0fc6c6db705,sjasmin
51320_201706-123-986,1ce1c48d9d375a2b19523c198195c43b,sjasmin
51320_201706-29-306,32de6faa1d93db9a1812f78254e81d84,sjasmin
51320_201706-25-271,83f0eee67fe1c744906b8f293eaaea8c,sjasmin
51320_201706-51-457,46d8b73e0d9073c109f7a38974714f4b,sjasmin
51320_201912-145-949,1e5b5bd7ae56f9e5844a92f1d39efecf,both
51320_201912-71-443,9f767146adce17173ed6769754a55b86,both
51320_201912-121-765,0681022391692379130847e301a594f7,both
51320_201912-39-245,3fdfe252bbf7d3a322ceb0e81d5d69f8,both
51320_201912-129-835,b2a01b2bd08b7ef8f9b7454d25723425,both
51320_201912-151-978,28057053056ad468a3f03778a65be891,both
51320_201912-121-762,d3655e88be25417bcb8e28362d7075fb,both
51320_201912-131-840,34a0267fc6d30a47d4a5ba595d26e4bc,both
51320_201912-103-640,b0ed03956aef1f4c516e591d903a698a,both
51320_201912-47-280,a50a91e96ba13eea02a54b6574d9bb5e,both
51320_201912-99-620,7c5f05207d43c9c9b6606d44af24512a,both
51320_201912-157-1009,62495c4483309992846f0448d07dd3bb,both
51320_201912-153-980,6a97bc096707bfdc4f5c99bc64d638a9,both
51320_201912-67-418,1a236ba771c0ffad58079d4eae251f01,both
51320_201912-73-474,8a55aa80105e9be8791523d460e2e317,both
51320_201912-53-312,b377521c3fd696b1edee99fdbfbe5425,both
51320_201912-93-588,facb0e2fbb986459c37b3f51623b4d61,both
51320_201912-129-833,7f6cf345be0879f58328541827afe3b1,both
51320_201912-15-124,1916fdaaa0cf48546c1d8afa1394e47b,both
51320_201912-73-476,132060b5c79471ee09c384a84d93a299,both
51320_201912-149-966,c346a98d950b6d03f55e553df597c38d,both
51320_201912-71-436,3f7059e813eb3bbb7062eea491e49be1,both
51320_201912-129-829,f9223cf364db014b5adedfe8ecf6cb1b,both
51320_201912-143-902,fe6bc7279a168ab04615b5ac8036acf1,both
51320_201912-139-885,ebe658ab97977cd07ce628e71f216a2e,both
51320_201912-61-372,eec1fed485cae5de53c0d48fcdc220d6,both
51320_201912-75-503,41418b4e81688802709c0421bb6b7abb,both
51320_201912-93-561,1bdc22eaf5994b718360614a0e504083,both
51320_201912-157-1001,d462e180f5d2ceaab25f3608cad2d3c2,both
51320_201912-123-796,d981890a0666443af1e83839daf3f32f,both
51320_201912-117-740,2c42f28df4a7c966644ce4746a5640e8,both
51320_201912-151-976,372ea460b74f55ba723dc5e8e79f35ad,both
51320_201912-71-439,dbb3e62aa2e34bc3b9ec007b5335e74a,both
51320_201912-17-149,1de5ac71437f20be85b345548752a952,both
51320_201912-117-734,6c6dbf183e3b2a68e37260f9df59ac7f,both
51320_201912-65-410,6e46b789a48df57952fca549f2bb1e41,both
51320_201912-143-901,39e140004f25e455a84238a867db6d43,both
51320_201912-5-44,4bb391167fcc60f7103191324879a5bd,both
51320_201912-19-154,6dca10b5ae3e7183efb00660bed23555,both
51320_201912-63-391,255361836787c779b3204dee163a6401,both
51320_201912-75-500,5acdde9318064564b2a42ebda61e74b3,both
51320_201912-87-540,35b624d604c703e33e1883e712616df1,both
51320_201912-103-639,0aa2a6e0df5e8f62e35e5001d8cfb397,both
51320_201912-95-602,4f9522ae8a1e28a87344a9267f7eb567,both
51320_201912-49-286,9e34f94506522cf193a676684aec74d3,both
51320_201912-99-621,67b44d7a2b688fb075e402180260b219,both
51320_201912-17-148,0194f0a9a3141b51a88e9169a5dff1ab,both
51320_201912-107-675,204751be96d198631f52759d79746c90,both
51320_201912-127-822,3c0ac395c59e339289d2f0f222b553d8,both
51320_201912-1-23,0ca46a58d38698fe0947fd405a6272e7,both
51320_201912-41-248,7c2a9a62e6d60ec3c386ce9fc5e5a8f9,both
51320_201912-145-946,0813c6b146be9c88275a067c3cda8bf8,both
51320_201912-11-97,027859e84aff8a3daaf982d484ad8bdb,both
51320_201912-45-273,d0aecce2fb8cc594e2139ace29d71831,both
51320_201912-61-379,774b4768ff41374544ae24d95f41a556,both
51320_201912-157-1004,3bb7cadf4a27352343942da4d7105bba,both
51320_201912-95-600,04de7f37875f12549a6399587a326fce,both
51320_201912-157-1010,a07e823d175ba484b694b0c0cc0b22a1,both
51320_201912-161-1047,8ffacc0d6cd4129767ae09af2f041af8,both
51320_201912-125-801,77becd3e36a31bb07f5a6aaa6f7de042,both
51320_201912-113-722,2948936e36aa0fb07abce9875bfc5e91,both
51320_201912-23-166,d5177e8005ac270be2302f781bff5c8d,both
51320_201912-125-800,0737dd8a951bf689ae4ffb7f2e4940ba,both
51320_201912-113-720,8c39af7a5459c9180938b9790e4e5388,both
51320_201912-81-527,bc0507a07cb7d1dd719b7301d732afdf,both
51320_201912-105-653,86b62d5d4dc88e79b5a85c9b1f024c1e,both
51320_201912-47-283,54ab4b1a980a4b2698870e5c63f4f741,both
51320_201912-11-94,d550f928f055d28910b55a3e992feca9,both
51320_201912-101-638,d6b45ecfc258b13ade42a8441bbe2b01,both
51320_201912-127-820,df2ebacf24692cd6dfb421568985db52,both
51320_201912-1-24,53ada0bc3b167161442813b93ecfde26,both
51320_201912-101-633,5929f1d39cb12819bc77ef844e423a64,both
51320_201912-19-152,5ccd3855f2c3104ba4f9d09c3c633f89,both
51320_201912-99-623,81ae4e7d30bd9b11e53a663f1dcc66d9,both
51320_201912-135-871,dbb5e74c08c6a45d82594b4f6fffedb3,both
51320_201912-41-250,6e1ff53f023b3a0983dac72834e721a3,smarie
51320_201912-75-505,ccb58985913d050dc842e2b11a5ce526,smarie
51320_201912-27-181,8b08ee8e3c50493891adf5bb1c9f9a80,smarie
51320_201912-139-882,36e0efc37b9c6b5217960f9aeed48efe,smarie
51320_201912-73-482,80a20e4ca558c46e213f0ca0dc510503,smarie
51320_201912-101-632,e93d9d5bdb352d74c0684c12cdb3a615,smarie
51320_201912-109-688,c48a9dc1c5e779b88e09eebe7a74fc74,smarie
51320_201912-69-422,08f4b35f48d368c747ed0c2cafac6dda,smarie
51320_201912-35-208,c31c685c1f30556abc9bb1b2a29b0505,smarie
51320_201912-109-690,593031fc8174e228ed3bd95d03ff4874,smarie
51320_201912-55-351,ca43e03ebbb33bee0870a40207f52c2e,smarie
51320_201912-137-876,b982847165526d5d7d8a7f0072fcc236,smarie
51320_201912-75-498,355c915a0750588ad7910a4893ba2414,smarie
51320_201912-109-683,74c9f7c3f337d6b5bc62d89e7a03e171,smarie
51320_201912-55-335,951827e4125fa79beb138652b507ec91,smarie
51320_201912-27-180,2a815ff5e46d407bcb9824ed389d7c7e,smarie
51320_201912-115-733,2ecf24138b61d98345419c5ab147b794,smarie
51320_201912-35-206,fdcd21b46c4eb6ca80faa7ffdbb34173,smarie
51320_201912-97-610,eacef62fde47977e923942975ea2c6e1,smarie
51320_201912-49-292,1c0c6c67db7d7ccfc256e6efffacb582,smarie
51320_201912-57-355,d126881da1a890e6e00db2bd0bedbda5,smarie
51320_201912-51-308,6ec28788477d538ba86fbb9303de431a,smarie
51320_201912-151-974,d567e7f2a2d73a9e692dad12fb1e9400,smarie
51320_201912-25-171,ff5d1011df11293c837245fb02f5cc98,smarie
51320_201912-81-524,a562d720852a15e363fa09172763e8aa,smarie
51320_201912-1-7,d76513251ca042fdf075f87e793092ea,smarie
51320_201912-143-907,d5f41ea88c30dfe554b227786c94ede2,smarie
51320_201912-103-646,84d73100b11ffe76a95ad6f6e0e99d56,smarie
51320_201912-5-39,b301ef1545eebbac792b849377d824e3,smarie
51320_201912-57-359,eb7d14ac8843b12684318e94c7ca4b4e,smarie
51320_201912-133-850,c40ce72574f617f52f343af5af4fe52f,smarie
51320_201912-27-179,3d967225a18ec01a82a7a04d3e23e694,smarie
51320_201912-155-993,a9a10c0e7de033aa5bd247e543a81f91,smarie
51320_201912-93-572,83de423425fa1a505083e9b0620840d9,smarie
51320_201912-53-314,879d6b18f296453ed7caa8a1c47e80b5,smarie
51320_201912-49-290,3dc33a4d7fa4ca51b78293173d30c709,smarie
51320_201912-125-812,4280b7c43d9463e838d573ba0928363c,smarie
51320_201912-13-106,f6a3b3e0d184578bba3fc9fb3d06c8f3,smarie
51320_201912-119-760,ca116251b0c40ecc6429663e6c0aae9d,smarie
51320_201912-143-906,8c4773e29ab5cffa8678341fd7dcadc0,smarie
51320_201912-125-810,d32c00c572b864e9976e7034a0ffe596,smarie
51320_201912-39-240,59d8afb78a32197f21e172ff0dec7460,smarie
51320_201912-91-556,93e5d738390e570761b42bcc44a66589,smarie
51320_201912-139-884,cc80e5aa5caddb62cdce58297923320a,smarie
51320_201912-79-522,ec4fe33ba50dfc41cac6b0d7c6faa21f,smarie
51320_201912-71-453,3c3619091f009000fe44867ca7d0a037,smarie
51320_201912-57-360,50b38dc745692e747cd4c292a910b7e4,smarie
51320_201912-29-184,d0cc0a7e63dc1a4d9a8e31b98dcffe07,smarie
51320_201912-151-975,9b9981b8d13ba5cde2be14c2efd40e0c,smarie
51320_201912-49-299,68acbe40d68a3308b6e30eb44335011e,smarie
51320_201912-153-987,22637c90c6693dd67ef93853ec264093,smarie
51320_201912-93-586,27e0ed4cc11648b0581170ceccc53fc3,smarie
51320_201912-123-791,b6a643738c87063af3b9e13de8519057,smarie
51320_201912-129-834,154f7a15550749d83d2c50d910087c5e,smarie
51320_201912-91-554,2403eb335b74988135e990a6d2888696,smarie
51320_201912-43-260,2f5fbaedcc97f8085a3ba8f37440f6b1,smarie
51320_201912-39-237,db03b976677d77507fcc4346d7597e3f,smarie
51320_201912-113-727,5cd67b3d9bfa531fce9ee375304037da,smarie
51320_201912-45-277,a8afd943251ee5e90766980a08a2bf5b,smarie
51320_201912-143-908,3501204580f48e2f3ff359104dd39c8a,smarie
51320_201912-131-843,d10dffe99c3b2a035f85d925b6871cb5,smarie
51320_201912-105-650,6255967e6328f4755c21eccca63450df,smarie
51320_201912-73-467,92e7287cd7cdeae0dd20f1fcb2f89d94,smarie
51320_201912-159-1011,624c60e58d5310bdde5751a0053e71fd,smarie
51320_201912-109-691,149005b144b2d0f19cf881b8353623db,smarie
51320_201912-21-158,6957b20ad3bacd580b1bcfd772568e15,smarie
51320_201912-65-409,0cbfe7d52c7ce7668717b1af525c5622,smarie
51320_201912-55-330,6fc68e5ba64b02e945e0e9d501899238,smarie
51320_201912-93-593,51709ada93195bc9aef5ae58247b82be,smarie
51320_201912-135-859,57b03ba43ddb4eb60f53b6fc5c3f730a,smarie
51320_201912-71-434,b7b7eb279dc02e8e110443c4879c9c19,smarie
51320_201912-73-473,54a3e46697882836eef3d4c226d85e19,smarie
51320_201912-151-977,bca510e1bdb67d1382056d1775000db8,smarie
51320_201912-35-207,f87b974c0dee84c5e14e5165d480c7aa,smarie
51320_201912-35-209,41101203d40d238d7d937629101205ed,smarie
51320_201912-93-562,99cb7047d784d1082d6f1c355764c474,sjasmin
51320_201912-77-511,7e80ebc0a052919b9ec9a10ec28a778f,sjasmin
51320_201912-33-194,86032e4a39fccaa68f7badb3dfb27d5d,sjasmin
51320_201912-5-40,93eb8671833a461d6af4c47b8406a750,sjasmin
51320_201912-91-546,48418b3fddc411ebf9f62f5401028cca,sjasmin
51320_201912-111-698,494413dd595edb71943f94610711935d,sjasmin
51320_201912-73-489,4252a056fa6c991ccd6e4fac949be576,sjasmin
51320_201912-61-384,6c439e36a7b1da1482ce84410c4b5477,sjasmin
51320_201912-7-48,4f84b11b181e6a30c14a126700b4b8e8,sjasmin
51320_201912-123-784,f683f6d15dc81564551a4095ba2d6c40,sjasmin
51320_201912-97-608,a0242da50cec88a970237111f0505598,sjasmin
51320_201912-15-136,c70dcc28f6b5274ebc15c2373a527322,sjasmin
51320_201912-99-619,43a9b7fa330aab7061f143a7143a998c,sjasmin
51320_201912-107-666,c9ff9d549bb7012ae133234a82e98a14,sjasmin
51320_201912-53-311,805fcd6ef7e4b3c1c67aa4d81e47b6c9,sjasmin
51320_201912-13-101,d49bdede54f751fc4e88bd5400ba1936,sjasmin
51320_201912-63-399,e36b63a8035eb0bd59b18b3f65b253fe,sjasmin
51320_201912-155-995,d5c2b2b718739daf09f74714299f6dbd,sjasmin
51320_201912-119-757,43f3b65504109bf3b25ebe21b7b11c59,sjasmin
51320_201912-29-186,2c222ac7a6dee18e0c70cf74d4e3a74c,sjasmin
51320_201912-33-188,0347c6920c373ed9cb08dac5c92ea2be,sjasmin
51320_201912-125-806,15a067e02b6131d40bb7323a8f5cdd07,sjasmin
51320_201912-123-787,906584a2a7ba1b1ecf4dd59c2fa04bd2,sjasmin
51320_201912-59-363,65da769dc5220f486cf0333ad21fa20d,sjasmin
51320_201912-159-1016,3e16bec94ed122769ccdb11d6c33972c,sjasmin
51320_201912-95-604,5ef882e3730223f4de6417f50f77b60b,sjasmin
51320_201912-101-631,7e628cd8482e2c1a0f6094080cdaa06b,sjasmin
51320_201912-141-898,c44e72e425af20b8d4eebf60c5ca87ed,sjasmin
51320_201912-63-387,340b5d6a0db06e8cb104af50e297d70b,sjasmin
51320_201912-67-417,1a221238d5144ba9a72e46d1cfa5752e,sjasmin
51320_201912-7-55,04ee927752fac4faad74ee11aa1028ce,sjasmin
51320_201912-141-893,15c1a56c83915eb0e4ebeaee82701113,sjasmin
51320_201912-61-383,4ec1f9bfcf61183185251de08d76c173,sjasmin
51320_201912-145-943,2f6771e692f900c77477e074d4d6deb9,sjasmin
51320_201912-113-706,02f5891c8b60ed2963e267cdcf7759ad,sjasmin
51320_201912-111-704,f77b12d11a2b302f35b36359ac21e474,sjasmin
51320_201912-15-117,cf8572c94d263e9dd9f91c7d8e24e825,sjasmin
51320_201912-73-492,96f14f8b41d028ef5b21613740dadcc4,sjasmin
51320_201912-121-766,618be648aa88f6e685a662a5db9321e9,sjasmin
51320_201912-83-530,e5e7b2345676c4ee1ba88b1fd65a3c1c,sjasmin
51320_201912-91-551,75fd969f297451db1455a86a0c9c4308,sjasmin
51320_201912-41-254,5fed1b23b2464c33b02d2e98b75d236f,sjasmin
51320_201912-155-989,d9d3913691a8dd941f86235e62e23d11,sjasmin
51320_201912-155-990,3f045c3558d91ff91dd2a2624d746d41,sjasmin
51320_201912-45-272,01e84fba8fc4cb002ddc9f286dc7f444,sjasmin
51320_201912-59-368,e70a6bb95373f8cfa207334bdf3f7e8e,sjasmin
51320_201912-105-652,87fdbe766ffbb0258464dfdaf08c8656,sjasmin
51320_201912-149-967,1ee3fa2bd056309d6dfabb2eb2f8ff50,sjasmin
51320_201912-91-550,24cb2c0ffcf0e0aeb01b8dd90db287fb,sjasmin
51320_201912-3-37,eff8756ecada4066ba1a6e77b0e54d39,sjasmin
51320_201912-133-847,754de1a3386861b0f4ef1bb2afa387b5,sjasmin
51320_201912-125-816,2907a5d9b75b66bdacef006bbee24a2c,sjasmin
51320_201912-59-369,c0664152b9aff5ac41da8583e666b9f0,sjasmin
51320_201912-73-494,68c003aab655b2388c81d81587f16611,sjasmin
51320_201912-11-93,05f644798b639b5a276898811374ce21,sjasmin
51320_201912-111-705,f5704df16641504ac1b656fd21734d47,sjasmin
51320_201912-123-780,e36a68d899696af78cbca96814e99be7,sjasmin
51320_201912-113-717,373e9fec8d85bb2dc14ff65104785822,sjasmin
51320_201912-25-175,97710bf9952ae2fad8abb5f0a2beaba1,sjasmin
51320_201912-51-305,d80e83227c5f14a5e7c415fe3587484f,sjasmin
51320_201912-17-147,fd7fbb85beead889f03d29592141b738,sjasmin
51320_201912-33-196,802a4bb9008a90c046f8b45f63c86808,sjasmin
51320_201912-115-730,355e47c8dae3dbec88f8b0da0782a070,sjasmin
51320_201912-99-626,53ed86263416053dc12c8581cde383c8,sjasmin
51320_201912-97-612,318be845491fd27491e6c5007cedc8fd,sjasmin
51320_201912-17-150,9480417e3587cadb4e45e2de78c9fccd,sjasmin
51320_201912-39-243,84c3854c22f52625e5b2a7f46ed97c4f,sjasmin
51320_201912-133-855,4aa4ada5bbca49eb232dd09695bc23fe,sjasmin
51320_201912-95-603,cab5333cdd5c0c8c5e7db8de1047ea94,sjasmin
51320_201912-123-790,e775e9e023857301324040f15468677a,sjasmin
51320_201912-41-251,966adff9fb5d3c9f7247a7cf5e496391,sjasmin
51320_201912-53-325,3af3bec8d31152716c0e3fc6526d961f,sjasmin
51320_201912-23-165,5e72799da250dc86ef7ec0dee994089d,sjasmin
51320_201912-135-860,05ae1c607155858efc1da5e219fb3ae7,sjasmin
51320_201912-159-1012,db90fc382fbb9dc88ae5c31e412de4da,sjasmin
51620_201706-109-534,7f0ee0726cb35623e31f33c0751c1b28,both
51620_201706-5-28,0360c91a0f12ca8f411e81a7a2bc651c,both
51620_201706-69-345,2a79ad2fe9074e497eb1ffc02970bf38,both
51620_201706-27-149,cc48518d968e91832edb1637836dac61,both
51620_201706-177-849,26b1bd00afef315218b29e4ddda38932,both
51620_201706-141-675,a8848f9549e33b43ce55c232589d7412,both
51620_201706-101-512,e36798801c110a8fcc559e3114b07ffe,both
51620_201706-205-1049,9fb4ab37c2f320974858d4a572dce7c7,both
51620_201706-177-856,37d5c64f594ff796513a651cba702261,both
51620_201706-109-532,8d4b376302d3c7d402dca20ddac3eb98,both
51620_201706-173-831,03151593cc074031a2db4075924d5f31,both
51620_201706-101-502,64a632cd13a04efcd3f11e7c4a5220ca,both
51620_201706-209-1060,4f1384096141a1a5be98f577ab4409aa,both
51620_201706-167-795,ac9a1b0db22e48429943088dc81e7f89,both
51620_201706-63-288,7a235724308c7cfee30a22439b243000,both
51620_201706-113-549,450b0222b5cc3ffaab6d365c171bad8f,both
51620_201706-147-718,72ff54efe0ed93cd09924e33c2e71a6c,both
51620_201706-173-827,d162fedcad0e04cb1a070fd88245b3a6,both
51620_201706-77-382,5a5adec29df57335d3f1fe8cc6932a81,both
51620_201706-15-85,cb3477d6a4e785e8fd4a930c1b54c360,both
51620_201706-107-530,f291449485c314f7d7fe2584083685b1,both
51620_201706-201-1030,861720e61c755367ca11884f9844ff75,both
51620_201706-125-589,0f4d08f78b55490522a9e2fce9935bda,both
51620_201706-99-497,bacd62dbdae13970dc1e3bddbeb6d817,both
51620_201706-221-1131,aaa76801fb4b46c9654dc7eff277824d,both
51620_201706-65-309,257b91b9c7da064ab6b33a3b3c211599,both
51620_201706-125-591,67442fe6a5687d81af4c9e06404b32de,both
51620_201706-99-499,bae32e2abac2d1781470ac480aafe694,both
51620_201706-71-352,bc687ff02cae6c83566df0d2f5e6e444,both
51620_201706-89-454,9e7b818d868958dff1478978e10558f2,both
51620_201706-203-1034,3e68e53f79cdca52307be7e8accbe077,both
51620_201706-29-153,a8ccc5e1638f17aa5a3ba14de850c1ba,both
51620_201706-165-786,03ac3355889a1c052bcc55c83a23aa87,both
51620_201706-117-558,63ec39252c2b07f466d2fbc4bb420d86,both
51620_201706-3-13,5d8687f73924ddccc2fd6a25fb292b30,both
51620_201706-51-226,1ddffa2a2bd13371aca7f1b3ef7fb865,both
51620_201706-143-686,f0cd8a329d5058a4ba953c41663087f3,both
51620_201706-3-8,8fb3911928d922903c1b162062397e84,both
51620_201706-95-493,ef78e3ada6f31dce9d484e6430fa5e5c,both
51620_201706-103-513,7ee7ba77edf7a827d6d8dd93f07832dc,both
51620_201706-189-914,46ca0d8fc12b5c6a30a689174b601e16,both
51620_201706-43-208,1218e3d9ed5b267220ca7ac33a62cd4c,both
51620_201706-129-612,88879877a733831bd6985ef6981f42db,both
51620_201706-65-298,d556c978aa7749883aeb3f870afd1b75,both
51620_201706-211-1096,f2ab5a2da9f9ef77cb0649e6249b8dd9,both
51620_201706-145-712,998e005dfdab582580a6b84216a589bf,both
51620_201706-111-541,ba646e0477a318051dd4f8143f36166a,both
51620_201706-19-116,40b97e05d51cff50b7268c0ed5bc3376,both
51620_201706-179-857,269f07cc75c80bc40d6c36ebcc5b7e12,both
51620_201706-49-224,f7c3ace5614ec9105ede960421e91dea,both
51620_201706-215-1112,3f4a90989d14c0cbaaa413ee0f854a39,both
51620_201706-51-231,81eb34f25ef97ef2251e70faacd89af9,both
51620_201706-223-1136,49fc7dc745d2bbb2f64da81225ca2717,both
51620_201706-9-51,4f366f7df99c4eb27195e1e4801e66da,both
51620_201706-163-778,1a91f311800ef060b7958370fb276126,both
51620_201706-107-525,f30a7feab045cb89bf6194a20d85d454,both
51620_201706-137-661,f76316132c8ff84fe80a1ba7b0e73b75,both
51620_201706-191-938,3492b8b5d21f33329d4eb92d569dddc3,both
51620_201706-157-751,66ebf94eccacb6da743b44d7f2d7f022,both
51620_201706-157-748,dba065a3e2f8b63f69a0ceea2745a255,both
51620_201706-163-782,640323d3567d840556375bbb28d2bc42,both
51620_201706-225-1143,7cfa1f720435d4c6180022b8d5755bb0,both
51620_201706-39-189,7f323ecfd5417039bfdaafa63d80c035,both
51620_201706-9-47,839f71642dff1e4fff7b1b866cda57a8,both
51620_201706-63-291,985c39f4128eae1b1234d09cad573468,both
51620_201706-133-637,da71a4fd834b44d23cdc4e7758676b49,both
51620_201706-25-147,2a8d08a7313d591bd7d905c96e8c1aee,both
51620_201706-49-222,2e0ead6b80c6327e795d340818bc4df0,both
51620_201706-159-754,0a0d0cc08de98a70d62df516f8fd2530,both
51620_201706-23-138,c55917c7526d34ac56992c725067ce3c,both
51620_201706-225-1144,6cdfaf4c1b0eb6dbcb4c9485fe22c363,both
51620_201706-13-78,ed17f8d696d8dbb28559eb827da5bdc8,both
51620_201706-181-865,a7e53a6eb1bfec35407c881de343041e,both
51620_201706-117-556,42790a47238a1d8257af243cf1787f14,both
51620_201706-203-1039,7f0da3c98058303cf1e2a99a5a89217f,both
51620_201706-79-399,7ec6179a9d2768b902a899fd99ecd38d,smarie
51620_201706-65-320,6fbeb2dc0dc6406c79d5227f6466d5c8,smarie
51620_201706-3-12,0130109975ebb06337b3a030c5bab981,smarie
51620_201706-101-505,a5c74c56ba1c2677c915439a382ccb69,smarie
51620_201706-185-899,a23e83509c9be12ef35b6028c25eb87a,smarie
51620_201706-15-87,20f5751911fe0b708486c4818ac6c8df,smarie
51620_201706-165-787,1d8d9cbea46102a0ccee87c5307f1d19,smarie
51620_201706-25-146,d73ebdb3c49b20d566d10c1303bd4959,smarie
51620_201706-91-485,bc5c76571ee60f377b15f950b14677a8,smarie
51620_201706-191-926,43b698324a62925c3218e68716d461d2,smarie
51620_201706-29-155,7610a8e5ea0a3c9310fdff70d5602b35,smarie
51620_201706-179-860,d4ff5ecebf4ec29cb7ac920abf9f3fc2,smarie
51620_201706-111-538,452ab850e170b8a23560b4fbb79df169,smarie
51620_201706-127-600,45137bc9023363bb6efff23e863c60aa,smarie
51620_201706-169-799,c85257e909987488f9ebcf30e717903c,smarie
51620_201706-87-446,ef92d70337e99a2d5983659689c2e661,smarie
51620_201706-37-184,4893a2101e640cec011bcb0c6fdd7882,smarie
51620_201706-149-731,f494ac087985e9605892d5d17d70fc9f,smarie
51620_201706-41-198,8bd3879e022afff3befe288140b65597,smarie
51620_201706-175-840,131f0171d5f8da1ba9c6c316ffed2472,smarie
51620_201706-57-263,47b05681933e10cc8a2292f0a20dd920,smarie
51620_201706-209-1075,b33fc8eb8e20ab879505a20e66ac59c8,smarie
51620_201706-101-501,89876c944ab43b1f8559e363e340317d,smarie
51620_201706-119-561,6f20927f9afe81fb9d7babe21f6138b8,smarie
51620_201706-225-1145,d7dc8dd7698ceaa1d9b83aa7023c376c,smarie
51620_201706-55-247,0621c7a943dc64f30ca9005f0860b4be,smarie
51620_201706-71-347,290db1ca931f0b6ea979f8a82789cea2,smarie
51620_201706-49-223,a867b773ceb44b2f88322b8911843180,smarie
51620_201706-181-866,2a438477e73980ebda85c922311bd35d,smarie
51620_201706-101-509,d6935a6f80c2a8e9d02bdbcb90cbb160,smarie
51620_201706-65-310,2a974ebec5e3e3b8143c231176672825,smarie
51620_201706-41-200,339bbc4b747271ab8bda40d1bae7a4ab,smarie
51620_201706-69-343,da504c4d772e9556821154c41776cfad,smarie
51620_201706-201-1019,039db610f01cbb5bd40140d256efc61a,smarie
51620_201706-165-791,8e45010be121016b4b1fb8f0d7a38d67,smarie
51620_201706-105-524,6ac840edff21164f7b9ff80347a8615d,smarie
51620_201706-111-542,8521b5987a433f04c8fe9dc0c1c91d74,smarie
51620_201706-17-107,d5aabed7e40f72fe59ed315131ae8a70,smarie
51620_201706-45-216,c0c89e436f901e7bdcb0b5bac1b317f3,smarie
51620_201706-123-587,f5c4bacdf0d1bbc0c7e994505d147dc6,smarie
51620_201706-135-649,5ab0cf235726fc7f93cd4f1c6364459b,smarie
51620_201706-179-859,22a0f01e8306b0b7bcfc20c75b1d1490,smarie
51620_201706-83-423,afc1b31ae552f12de4b422dafbc5f044,smarie
51620_201706-71-358,fb774b74a0918db47e519963818d41fb,smarie
51620_201706-143-689,71880db0447ce2fe1115801df4fcfcb1,smarie
51620_201706-151-735,167248fcc941782dae890b56d39475e3,smarie
51620_201706-213-1100,f93c8126c05c677faaf0cb7b3c02cb79,smarie
51620_201706-83-424,50035f11c06d0055f2b6508a3c57c79a,smarie
51620_201706-161-762,60dd8466146ad064dc7d3913c5e1d059,smarie
51620_201706-215-1117,b0b1245000b4c79bab6a652a63f52818,smarie
51620_201706-67-331,8dbdada769779560caec9f4f1ecf24c5,smarie
51620_201706-99-498,8b47534cf25a468b83203b13c3f11f1d,smarie
51620_201706-221-1130,e97b936f4fa5e8cfe807e02ba8ff65ed,smarie
51620_201706-123-581,c833687e80f77643b1c85d4c1a898599,smarie
51620_201706-183-869,ba6c992ee6a1be5db64913e0dd974090,smarie
51620_201706-129-605,014a23777f0ec5f59281f69cb7e394e6,smarie
51620_201706-53-234,e6be83e58c9a213ed121b223bd08bccb,smarie
51620_201706-29-154,2f33554902ebf939160116d3cc976e6a,smarie
51620_201706-127-596,e940566099f2783ef429599eb255b911,smarie
51620_201706-137-665,2eea5d9230602398e7458fbc7b69eaed,smarie
51620_201706-63-290,95ecec431f46209d7d6211319741da60,smarie
51620_201706-175-837,15744b5709cdf1db5bbd5737ba6f5e23,smarie
51620_201706-163-780,f6aef968f706fae17bf164b20ef511be,smarie
51620_201706-101-510,040cd93f13c8ebcee2af45807636bc22,smarie
51620_201706-7-45,3e83a2df11572a5a1a232467fb79bd7f,smarie
51620_201706-59-267,4f3ba901856208d589b9b5853ada6fa6,smarie
51620_201706-115-551,a73efd7fe74760cb971500221a2088f3,smarie
51620_201706-107-529,a2fe3a3376bab8723cdb1b03ae189eee,smarie
51620_201706-139-671,6a1dff2aee4d699338991bdaa5d4c73e,smarie
51620_201706-131-624,0c242cfc8e30b1855f4b2c70d437499d,smarie
51620_201706-61-272,af008839acb13d1cf9e09ca17bd44f9c,smarie
51620_201706-185-901,72dcb0b86383be5efce5684f4799da54,smarie
51620_201706-53-236,dbb98dc83ac1f0270bbed59281d319d9,smarie
51620_201706-119-563,8f9576b65f80bee2b94a860259145e02,smarie
51620_201706-143-696,8f7302e8cdb39b24935f29a5321fcc55,smarie
51620_201706-141-682,8ef8b2bea6abdf64793fd7916aa200e5,sjasmin
51620_201706-221-1128,72e2de101b01aa07e40ec88a30bcadce,sjasmin
51620_201706-91-482,e823562a1448a1c52d8a6c793b8a72c6,sjasmin
51620_201706-203-1033,b68ebedeba6880cb67fb4b2480525ba4,sjasmin
51620_201706-207-1055,2e6b75c80d0b9e6347f222270c5f3598,sjasmin
51620_201706-135-648,9e9d90b90e779c67e7d83ca7e9a14dd0,sjasmin
51620_201706-23-142,6bfdd3401efa173520014a6cfb5be2f2,sjasmin
51620_201706-11-69,6fe650e8b96926a5f89635b1a11ae329,sjasmin
51620_201706-19-120,fe3f9baf9805b6eb62b6705adcc70631,sjasmin
51620_201706-141-679,b597864f04170148b44d6ea0e1ffe696,sjasmin
51620_201706-67-328,0f273ae16e1748be373cb3846c0d8918,sjasmin
51620_201706-89-462,07b16285a534abdb886c6c610d73270a,sjasmin
51620_201706-119-569,380e5e2705bc15f3b741bf0fcff9d016,sjasmin
51620_201706-35-174,2445bb12716b7ffd9431d99029eb8a5b,sjasmin
51620_201706-11-70,4a130e4ae34e4ba9d5472bbbf488b899,sjasmin
51620_201706-135-652,a059238ab58f8c6f77e6e90feee8924e,sjasmin
51620_201706-177-844,43bd488b54bf98cf98bd8a0d2216967f,sjasmin
51620_201706-55-249,2f4e939b83a42c509c7970f7d8c972e7,sjasmin
51620_201706-57-262,087573360dc3735cbbde461067a60fa9,sjasmin
51620_201706-95-491,f2b4b00a26ba2a111970002d5d6c17e3,sjasmin
51620_201706-157-752,7777a038658c9736ebf74c8cb05ad4a6,sjasmin
51620_201706-63-287,08653c3092f9bae7ad6e501bf09122bf,sjasmin
51620_201706-91-480,bde38b5806cfeb133f7d90a700155750,sjasmin
51620_201706-179-858,e85eb70f2de9737bb468bcb4a7fd7904,sjasmin
51620_201706-47-217,22296ffdf4200493368c92a678f56730,sjasmin
51620_201706-141-678,102c0629103e500c68cffb6961db9770,sjasmin
51620_201706-207-1054,9407194519ae8c6ef188adc379387c82,sjasmin
51620_201706-69-346,918aee57e26634ef331adbf0bf5b6692,sjasmin
51620_201706-217-1121,1595e232fdfb5d18464a63ab5706a757,sjasmin
51620_201706-39-186,a4f7a4fb2542e359d5826ebf5c4016d5,sjasmin
51620_201706-161-765,204f9a65f6766f1cae80a0520b33227f,sjasmin
51620_201706-79-393,280ae584df74d9c3df6aef246a6dd982,sjasmin
51620_201706-153-740,607c5fad20f7724943e6cddf1433a3e2,sjasmin
51620_201706-127-603,baee1a0ec3554f26ad7f57d8025bb4fd,sjasmin
51620_201706-117-555,d0f274027e9704df0f2073953cfce346,sjasmin
51620_201706-1-1,eb935f4be77eb075870f19fc338abc9c,sjasmin
51620_201706-165-788,fa1fe7c427c6eeed3108e5d9ae6d2ee6,sjasmin
51620_201706-97-496,408f79e69746b86b3baa3766784fdfe7,sjasmin
51620_201706-43-212,19e0db52030abe161f9d242405985813,sjasmin
51620_201706-141-676,28e59bb790e325fc5b2b83c19c1e6bc6,sjasmin
51620_201706-171-821,55527a62dcb749ace959b863eed3c8b9,sjasmin
51620_201706-89-455,8e099281f8be7495ccbbac64ee1208dd,sjasmin
51620_201706-29-151,0601242c049240b95e2c9c431af930ba,sjasmin
51620_201706-1-2,1ad4ca24f85918b6dfc8e3d5a5757ed3,sjasmin
51620_201706-67-323,75f4ada3cb2f69ca3756e63a0221b34c,sjasmin
51620_201706-161-768,fc168a6139f52fab161f7c01b09979bd,sjasmin
51620_201706-171-819,d85a2e091b1a041872351eb468091261,sjasmin
51620_201706-159-761,651ae71fbacc918023b71497ffbcc560,sjasmin
51620_201706-201-1023,bb30dd27d4e65438fc4873abfb8c8751,sjasmin
51620_201706-79-397,63e0b4a42c1aff8a56328895ae8cc5ba,sjasmin
51620_201706-35-175,cc63ff6fbda9bb898203efd61d098acd,sjasmin
51620_201706-81-403,50305be15284c62d1c33e2bf2a71e603,sjasmin
51620_201706-113-543,bb813a6878785d72e66a7f7b6ce1afad,sjasmin
51620_201706-209-1062,e78047746dd1b832832f129e44a4e1ff,sjasmin
51620_201706-75-375,ec5b4358627ef758e17a143b90c89c7d,sjasmin
51620_201706-195-1005,d52e6ccb1d941d49b3c80973ea328a6a,sjasmin
51620_201706-211-1086,391ab864444bc2f5ac5f902c4523f5a4,sjasmin
51620_201706-219-1123,2b9edd75b0929196268742bafb6f75ee,sjasmin
51620_201706-77-391,2931632bab702ba095bbf68871b19c17,sjasmin
51620_201706-187-907,e868f6779593c057296364dece143ea9,sjasmin
51620_201706-1-6,772f3bed03867bee106ddd9312e6ed6c,sjasmin
51620_201706-33-167,344479fba818fd1d217a931292956746,sjasmin
51620_201706-87-445,e94a3c0766ac08be8de260ba96383ea6,sjasmin
51620_201706-15-86,1ece0d97e62a287c39008bc5c606da3d,sjasmin
51620_201706-187-906,dee0a4698e519e16a1a712f4d38f1f78,sjasmin
51620_201706-201-1025,3fded5bd8e2544326fc7f88186f75a39,sjasmin
51620_201706-125-592,e39da9906a6a357ac9f9a27a752a72d7,sjasmin
51620_201706-131-619,85ccd493650c9dea5230d89bc28326c1,sjasmin
51620_201706-189-919,88f51a3e7d1cc1388a17657a5ac9ea09,sjasmin
51620_201706-71-349,d2c59bc2412c7e6913ff5a7f36deaa72,sjasmin
51620_201706-161-766,d1c60a9926c0d39b50a0d02469561736,sjasmin
51620_201706-201-1028,b09a66c5975197fb6d5c1288d87459e5,sjasmin
51620_201706-189-912,5f1fb086bc5cf4bfe46c331cff91f53e,sjasmin
51620_201706-41-194,b444de8c0aeb7d79e011d4ed132daffd,sjasmin
51620_201706-51-227,2b1d50091aff2bf5236623697dd32284,sjasmin
51620_201912-123-673,00272ca85c4ce02ceefa4f33bc5f329b,both
51620_201912-23-250,9132f7a8ac406cc5cf558f43e9098c6b,both
51620_201912-115-630,184319ffed5e5a2269e5cbb1bd4211cd,both
51620_201912-1-12,f5b5425d550c458cda306498cb559098,both
51620_201912-137-762,ce6fdfcb95e91a0d16d70cd36f545eb1,both
51620_201912-119-653,0519209f77cb62cbd1eff1cdc63306cd,both
51620_201912-141-803,904929e52dda5777f312cbb52445f5c1,both
51620_201912-43-334,f554c06357dc861a8e203403b83dfb47,both
51620_201912-97-503,0f4c027b31951d9d7a0a532223ad152b,both
51620_201912-1-3,105224d02d2f4630329b327b00b9152d,both
51620_201912-11-113,8d36112c7e4908ac28600d05666d3312,both
51620_201912-85-458,ea868e4bad87c9d0770802d21f0389a6,both
51620_201912-107-587,aaecb3ce19140bda6610e4d09180ed8c,both
51620_201912-35-294,1c9f75830902748c2ad8ce8c0d44e712,both
51620_201912-29-262,abc1d368da6d95d414063121ff3157e1,both
51620_201912-11-114,1085ab7314f9eeb9ee110dbf65067c89,both
51620_201912-115-627,db81a5adeb5c7fe33c5b2f4f52701bff,both
51620_201912-39-311,9831a9a972a83d00fe5e19444823dcb0,both
51620_201912-103-553,f38da28f80ba5ac3e55809e66976a837,both
51620_201912-45-345,665739f13c8c294a3d76a94385959e51,both
51620_201912-109-596,d06bc676f2f5dbda32d805578fab2fc1,both
51620_201912-25-255,ea02f69b119471db54b94fa1afa42185,both
51620_201912-45-353,8bdc78126ffe6f69ec9aec181bed7f92,both
51620_201912-83-457,c85cf2023dbbb980b2d7a2d31f991536,both
51620_201912-65-387,2292f1b3d4da9ff7354c8ddde19005f7,both
51620_201912-29-263,1867d47b7cdc440371346435f4e0c698,both
51620_201912-49-361,98887e55f4b5c7c4a8d080b4f7a9c5c3,both
51620_201912-77-450,d2c58ef5804989b472b1430da31ece3b,both
51620_201912-113-624,c69031ef142f565cf651e58d8af1a89e,both
51620_201912-117-645,31ad4e0e38ff5c53ca58498161086d8f,both
51620_201912-75-443,5460f24c7c7c398b14de6ac4a4422d26,both
51620_201912-127-694,3ad5e377632fddf23b1fcf5cb1f533f2,both
51620_201912-111-622,1692e6329ce0c7ce98e14d90e64a0706,both
51620_201912-121-660,e915638c4b5bf588beecf8eb390ed16e,both
51620_201912-11-106,1ef10b3a682a37c4e219cbc61ddb5d9c,both
51620_201912-73-425,9916ac2e610850553c48e392eecdfd8b,both
51620_201912-129-713,c2600e00537ee1513f1bef21b44717c5,both
51620_201912-135-753,94709627f4f7d068728115063f50439f,both
51620_201912-113-625,27e1cc296b5a676c07e1790e382c6ded,both
51620_201912-21-221,225aab5bf99deb1730cff5383f12bf73,both
51620_201912-107-586,4f8fc91efc9bbfc0878c4c186c55da31,both
51620_201912-131-730,ec4fc762f7d4a854b68101bb9575397f,both
51620_201912-113-626,7de9b7df4853a388fde1b5b763be25c5,both
51620_201912-3-36,757788ebfd5a0127a640af4c4e337eab,both
51620_201912-3-37,8d5a2dcbabfc5e867f74c5bf84c1a451,both
51620_201912-43-343,7c4c15645f6e190f825bbc049173299c,both
51620_201912-31-271,9479a4589d434bc78ccfecf4c11bf858,both
51620_201912-13-127,01afd0c2104af72ed3d4ab00ca841fcc,both
51620_201912-123-672,648d83fefd674546b1099d7537f7efe2,both
51620_201912-65-385,f8aa6531920723824b2ef000ff204569,both
51620_201912-37-298,103cfa74f9e1a4d2c8d9b2f19abe7f3f,both
51620_201912-15-166,66f37ff08b6f858ecfa705fd2f9fdc85,both
51620_201912-75-440,9265334e7f0428d9010a62cb85045280,both
51620_201912-133-744,8c524cbb33238f80870d4e747cfc4d12,both
51620_201912-91-464,1791fba494bd61c93c337215f007c5f5,both
51620_201912-31-270,e79e59c5e9a096f193a8827e49889704,both
51620_201912-137-764,cf08a053ab78745eb0cb6200d36b2a23,both
51620_201912-7-69,18bc0bec0462727abe2330ddc48fa565,both
51620_201912-143-812,9c3f4156898c4a4503beac7829269414,both
51620_201912-145-835,c896e1a83d96ea932b9eda75677e1075,both
51620_201912-129-712,2d7e6019c941b8836994da38e1d2dec3,both
51620_201912-101-534,d105e05d3fffa0083866e7b2c9d7d9d0,both
51620_201912-115-636,ed58d0b358bc2ee54de5b74bfdef9fd3,both
51620_201912-133-742,bcd6d2053f8b1fb8e52bc458dc5e3763,both
51620_201912-45-356,86d1c91b6ad8adf02ba5cf835aa74b1e,both
51620_201912-121-655,b01739ff41d4d50fc7c316708c5a4646,both
51620_201912-39-306,fd9836a7da4b71e0469c57ddd7d980ae,both
51620_201912-67-401,8a0c951426839f16ac06b3a15584e755,both
51620_201912-139-771,48aae2b837114eaa3877aadd690df25a,both
51620_201912-39-319,40598107c650f27cbdd58d8461fe02ce,both
51620_201912-143-819,de37497d6bb11e708c1cf1acbb7d3f69,both
51620_201912-11-109,5420c932fffa1d6d2016bc39445fe932,both
51620_201912-45-349,db6e711aace3268ec5aea147ca67707c,both
51620_201912-33-284,5b6f9e2b33487f8226f9a79a7a0e48f9,both
51620_201912-135-752,918cf5ba26d14009a8eec1a2ddad356d,both
51620_201912-19-217,387c11d678f46ee2639093da68c6c37f,smarie
51620_201912-133-747,06ee7171ca887cec2120357b48f57abf,smarie
51620_201912-23-248,0882e33e31a376c5ab1bced755530855,smarie
51620_201912-105-559,bcc684f6dc9b4e2b443a9804b6f11da0,smarie
51620_201912-45-350,bdfac74590ab081a3898cb1e2852c389,smarie
51620_201912-9-100,94d143d9af21a732b81d4e92968e4d57,smarie
51620_201912-121-659,0e20954cfdf29f20829853e345461c04,smarie
51620_201912-7-70,77debcac05171c7b122bf35d853740a2,smarie
51620_201912-105-557,49b797f52bf9f43545b5fa38258bd80a,smarie
51620_201912-129-724,ad8045c5afdb845a25053dbd7f192d33,smarie
51620_201912-95-490,750b33be34d80a290e973d3db805e372,smarie
51620_201912-95-486,553114691200ef264dd6063f80e9fd8f,smarie
51620_201912-103-543,f0a2013aeb42fbc219f6e66fa6f918d8,smarie
51620_201912-41-324,ee7edbe773a99d4527ff9e91ee5b41c7,smarie
51620_201912-43-335,7b35d29e6b5b994a7b178569e3967858,smarie
51620_201912-139-777,8023369aaf8095907a95cd71dc04a9c3,smarie
51620_201912-145-836,4d1edd35dbf52a9dce698cb7951b3b94,smarie
51620_201912-95-484,f5c8080d4b56660e8a645d57587fb263,smarie
51620_201912-133-743,278879dceab4fb6457b84cc47a39e26f,smarie
51620_201912-41-320,b0693f2fad6a971f5278d4e601bb9df1,smarie
51620_201912-27-260,f9100f0cb1aca296acd79454fa6913d8,smarie
51620_201912-123-671,09ecd29ec3dd839c912f66d5f2d0d2dd,smarie
51620_201912-13-117,4a6f66799dd72226f1910d12b21932de,smarie
51620_201912-3-33,97dd92ec23ee665d25bdaa5a88aed4fc,smarie
51620_201912-123-662,41190a92011922159d425f2726d1b41b,smarie
51620_201912-69-403,0ab92bdc809ac10e23c8329b743d30d9,smarie
51620_201912-139-779,a3381eeb4c9b4ad5cc10977df96a0c10,smarie
51620_201912-21-220,d017e1415d52aec819992351378ac449,smarie
51620_201912-19-208,f27c00bed95aef2fa292c821d510a8e4,smarie
51620_201912-137-765,44db3b89274da98c3f48828c1c21e814,smarie
51620_201912-63-374,9addfe03a78446413bb9212f9b75ec8a,smarie
51620_201912-11-104,c4a48a35e109ce94bab7d61ba2e08616,smarie
51620_201912-129-717,8f6b0f0857f81dc33f71f244c2571ae4,smarie
51620_201912-39-313,635f6748d5a41b3734bc11be58a2d54d,smarie
51620_201912-33-285,ae587a5fa5e4a25cbb2bdd7b5648571b,smarie
51620_201912-101-533,6558c8c760ee8c76c95d1f0fe0d872d7,smarie
51620_201912-83-455,cb0c135b997f8b898379c0f22e0b0320,smarie
51620_201912-105-555,025b0770bbff1de3d73090c6f8cb8266,smarie
51620_201912-139-772,fb5da8158cd2515633f8bf89047263df,smarie
51620_201912-11-116,6e3ac4d49fc583befd6cc5a2f2a1d01c,smarie
51620_201912-143-811,bd287df0b40b5fb7796ced261a08936d,smarie
51620_201912-93-472,1c7ea9c5711991731143f56b6106d394,smarie
51620_201912-91-463,2872c22016ee56cf11d2946dcb3d872f,smarie
51620_201912-71-410,b524c16d4bf6360ebe99a5abc6cfa8f5,smarie
51620_201912-127-702,796d1ed0d678787ab20197ffa6c08ab2,smarie
51620_201912-75-439,6015a6bb0b001d5e432090f6f32de92a,smarie
51620_201912-125-683,0325f66f404fbc755c813222ef36f57f,smarie
51620_201912-31-276,17fee8ad8b97ba50230035a3c0f20dcf,smarie
51620_201912-61-372,1be9ebc6097b438af6a444b2196e28ed,smarie
51620_201912-5-48,6859b89956b815d815503dae1ea902fb,smarie
51620_201912-57-367,ab61c8a924971f56bdc019faae3efe84,smarie
51620_201912-117-642,2aa8b62ae0fe2752e7b2cca374fdb9fc,smarie
51620_201912-33-283,0cbd35fb676d6e0568a8a1d195ab5d47,smarie
51620_201912-121-658,7e1a050ec06e997ead042c20a567451c,smarie
51620_201912-109-603,a55bfd185ff2c2095d71f905243b51b2,smarie
51620_201912-37-302,e2c8429f6021ff440c2445624de92fe1,smarie
51620_201912-77-449,b43a4f05e61aff0bf5d90b4ad77aa470,smarie
51620_201912-25-259,8dc49066ee69bc240e0fd749cf5aa684,smarie
51620_201912-97-499,138bcb8d30d55ce595734725fc52b940,smarie
51620_201912-137-759,b85fdfb27f6e2be59ad7459fcc5350fc,smarie
51620_201912-85-459,a4851a99454afb16f1ef3a111008a3f6,smarie
51620_201912-143-809,0a4be151ca31c0709b49848055074aee,smarie
51620_201912-37-299,d81f2a6974f7b0e2ce31ecd92eeef2ea,smarie
51620_201912-73-422,bd05948be8399c2f26b219d4bd53004e,smarie
51620_201912-55-364,62cad313be1f66fda0fdcf49aac3c469,smarie
51620_201912-23-237,4493b69943374d0276dda7a33ca7a482,smarie
51620_201912-47-360,b3ec735f405be7912b4fe6199326a7d6,smarie
51620_201912-141-802,5e0b8b01d0425db259aa3836c291fc71,smarie
51620_201912-71-412,98b9cb7d4f45e74fbfc866a3dd7283f4,smarie
51620_201912-109-598,c29e3bb19d61d736f8cbd664da2168a2,smarie
51620_201912-61-371,27281e540ee4fc63a3f26912a42a85a8,smarie
51620_201912-67-390,b6f22e6e68092ecabab98939822267ce,smarie
51620_201912-7-68,e88b1a29eaf6fc925fc189af7200e1ad,smarie
51620_201912-45-347,def3c67f7c436e854f9dc1345bc47add,smarie
51620_201912-45-357,6053d522d8da1ce22bb7b65708f5bd5d,smarie
51620_201912-57-365,883edc3003aaea9ba1edb0db9dd875c1,sjasmin
51620_201912-93-473,ff802ae38351754e69bc71e564397a02,sjasmin
51620_201912-65-378,31a39c21990b778120ba348db1736c00,sjasmin
51620_201912-17-169,c373351ed69f60dea83cc7769fd24c2d,sjasmin
51620_201912-141-789,91c4399a70d175c7c866e1d888464446,sjasmin
51620_201912-83-456,4706543f427e8be6bf59c4e44f615d57,sjasmin
51620_201912-65-376,6d7f4cd938873beadb22a7ee99b90bea,sjasmin
51620_201912-13-130,616d7c1c5b47d3b78aca7000c84a9efb,sjasmin
51620_201912-23-233,b8ff420e0947042ef0690a88a3df5cbc,sjasmin
51620_201912-129-714,22c618f4043e8c0473d0a74814c6d801,sjasmin
51620_201912-9-79,2a55a7134ce2b1cfff5c2be527e95298,sjasmin
51620_201912-13-118,ae8223888a7eb9e834e488ffab1a1dc9,sjasmin
51620_201912-95-493,d4ec0a686163a9d22290cc43f1b267d1,sjasmin
51620_201912-11-108,52106e87f2a51c01580e73f02c71a1ab,sjasmin
51620_201912-23-230,577deb391f9f8501c1936ed7aa4bb754,sjasmin
51620_201912-103-549,7503fd9c0817d63d4f106b30f78b6fee,sjasmin
51620_201912-103-537,2a1677a40a1a393a5c02c1add2f04259,sjasmin
51620_201912-67-394,8d8e7eea9010b3047b6a26e1190adde4,sjasmin
51620_201912-65-377,7268c97f834a496f77de2610b751e68f,sjasmin
51620_201912-79-451,181e43531cd2b41af88c40b410890806,sjasmin
51620_201912-23-227,9c07c99a2c5b6493892248854fc5ce7b,sjasmin
51620_201912-7-63,4285c616757477a6d6a90a6c925b81ee,sjasmin
51620_201912-71-408,7c1b029768171ae17c3ee77fa9f7c74f,sjasmin
51620_201912-143-805,fe003508fd1fc13fb500558213ed547d,sjasmin
51620_201912-75-433,c77e18ed9b92924f69b79f1d1a775c01,sjasmin
51620_201912-3-39,a7fd54308624ba21b6c3186e29e4bc87,sjasmin
51620_201912-3-40,ef417b65e2c67795f454d0dbf5173efe,sjasmin
51620_201912-99-511,7f0d32284b3816baf9ae9e706062d7c1,sjasmin
51620_201912-107-590,4509f7db95e327abecc331b03197d5e1,sjasmin
51620_201912-19-181,7fc926951de0d18c909b5cbdad1dde96,sjasmin
51620_201912-99-512,c9cdea35e339477983568f3e9a282408,sjasmin
51620_201912-63-373,7a51a36b94031f8dde0b8248f0315e01,sjasmin
51620_201912-125-676,4b96d1175d56398daf097cb66c95c6a5,sjasmin
51620_201912-111-624,596c875870c27aaedc2c9d6570e17d2a,sjasmin
51620_201912-105-561,4bab1167d1a93268282cc7433a7fda51,sjasmin
51620_201912-7-60,865562a44aa03bfad2e9ecc461c9f359,sjasmin
51620_201912-145-833,21b5493da9448c55b9ef22986091f186,sjasmin
51620_201912-31-275,123bdf4ed93bb9970ddf8664dd42c8cd,sjasmin
51620_201912-127-695,bd040eed2974d55d7e0845b9116ae49e,sjasmin
51620_201912-51-362,5469f39d16ba897a56bcb4c9eb96da21,sjasmin
51620_201912-5-52,3effd7a8d20894318cddc7f9e0d53c3e,sjasmin
51620_201912-143-816,c4c95a3506b94d822206ce8e98db3ad8,sjasmin
51620_201912-115-634,d55e5ec4ed9a790d82527490a5b3d826,sjasmin
51620_201912-1-18,717fd68ab818d4bdb797b05ec7fbead3,sjasmin
51620_201912-17-168,b19736a9fb986e12b230be17aaf6f79f,sjasmin
51620_201912-39-305,30273683ddfb9b1c53d7d099de0a6a0c,sjasmin
51620_201912-13-133,5248685067d3eacce8e739bedb1f63a7,sjasmin
51620_201912-135-750,d1166709554bcb1abaecc375fa456f1f,sjasmin
51620_201912-7-56,4cd2b14c6fc799d98368ffb794dbb192,sjasmin
51620_201912-1-23,7dc963acb0574932086e8f343b146735,sjasmin
51620_201912-47-359,a758cd71f9419ce45a37d080d492f952,sjasmin
51620_201912-59-370,99754abda3bdc07a1aa71f11488c8ca7,sjasmin
51620_201912-9-84,3f45591a607f1a91f50f88e68ce26e41,sjasmin
51620_201912-43-340,7475f9dfcda2076e087bf6bdced9f50e,sjasmin
51620_201912-29-265,aefd9822576a8b66bc4b563cf0aba697,sjasmin
51620_201912-7-65,f43641629769245428977ea9c4fb6bb8,sjasmin
51620_201912-93-465,347724f5c6c62033734207b58fda2dce,sjasmin
51620_201912-3-44,42b72c074e2025920775fca5339cb06a,sjasmin
51620_201912-103-536,8ac6acd107da5130ef0f2431d5535dad,sjasmin
51620_201912-107-580,953e7877ee444b1f32fbf58ca98d9882,sjasmin
51620_201912-127-688,84b9995647191fcc4baf274797341331,sjasmin
51620_201912-15-149,d494fe59769fd9ee369c3fcbe3dd5294,sjasmin
51620_201912-89-461,3df448a902abe9d3556b589dd9b2cc08,sjasmin
51620_201912-79-450,8f4eaa5bb44bb53b1662017b2ad05558,sjasmin
51620_201912-83-454,fb6ea991365c39ef950e76773eb37e59,sjasmin
51620_201912-125-675,127843136908edb02fc91737b6675cc9,sjasmin
51620_201912-53-363,75d037a20b223b57f0c0352644aa03d4,sjasmin
51620_201912-75-438,b2bba257f40c1ea6104c5697a420bec3,sjasmin
51620_201912-41-326,725440cae9a1daeb87e54270272843cf,sjasmin
51620_201912-71-414,bafcd4d73959e1074905eaaa65af88e8,sjasmin
51620_201912-7-57,d6e9719e672ec825cfc12dfa0d35418d,sjasmin
51620_201912-117-646,ac01e04cd7ac425acc8b4db09479609a,sjasmin
51620_201912-93-475,56e5debaabe85776e225563369563fcd,sjasmin
51620_201912-77-448,571432dd77dfd4b43d63f7dd5b031a87,sjasmin
51620_201912-15-154,b99ba1593d56527cebe4d25a77c56c10,sjasmin
