sentence_id,uid
conservatives-1964-96-1,390f213ea9dfccc379ba47bb7c1aeca1
conservatives-1964-179-1,3c27141be5a92966e91ee0688938f4c1
conservatives-1964-8-5,1d167ffd7d5289b185d89cef78ebc924
conservatives-1964-70-3,260b8ee3c0a8419f5a107205089a615d
conservatives-1964-184-3,7e0418545982b506749a3df7f0e76af3
conservatives-1964-193-2,567761b48a7ef8ecc14864ebdcccd29d
conservatives-1964-169-1,3b05df7885a7c8dffef4ee0085b7f8c9
conservatives-1964-8-7,8a406dc3d767a9ae3927be4229118f95
conservatives-1964-200-1,4db0591f7ca9ea675480ac24703ee6fe
conservatives-1964-145-2,bbe00cb7f0f208008398e18d9be3f441
conservatives-1964-7-3,2a51f8af188b64a5b643fd46fd05b531
conservatives-1964-61-5,8ca96e5802268c255dfcf492d78f766d
conservatives-1964-160-3,f0328d7d0f72910438538f058eed2591
conservatives-1964-5-1,540feb0ef9193190c9acf7e918fc9a12
conservatives-1964-24-1,7d5027b0f5bab0b8f0737460aba81b5d
conservatives-1964-150-1,d7f63a21b5758f6635254a12ce183beb
conservatives-1964-170-2,eb124a0d5bfcc5d034bbd245501e1d8e
conservatives-1964-150-2,f097f084d97c83de795d80ca991c7b61
conservatives-1964-191-1,3c267477c7b1d748b33f159a2ce0c5ac
conservatives-1964-192-1,90cdb60efff32d5ff66bed72d9ae756a
conservatives-1964-169-2,5d12f546e23e746a7525f25c38369f79
conservatives-1964-175-1,c58341c265d2d4045ad5b6e533f96d26
conservatives-1964-114-1,fc011be94158a661508a67083cf6442e
conservatives-1964-8-1,fc9183f42264faa27cba554961fdf7e1
conservatives-1964-118-4,91e10d7a392be4d0c640f99a58c2e271
conservatives-1964-178-2,d6e652ede9f0692ac120fe078b1d055c
conservatives-1964-108-1,5d7ac6565ee490c05b319e6ffe362472
conservatives-1964-111-2,deb8984a0178e8f03c06a8614b6773e6
conservatives-1964-187-2,c35c0eff97e8ff279519aa1ac4181d37
conservatives-1964-181-3,ef498bac7108fba3289e26d76c5cc140
conservatives-1964-86-3,2a63ec0161999f299ac200deaf18ae3d
conservatives-1964-81-1,a84ec7501ecfbe6f3c797310615699cd
conservatives-1964-118-3,8221f353967b9d3ef5dc1dbc33d5f105
conservatives-1964-181-1,f165156f7b48cba0de4b50c4166c63c2
conservatives-1964-71-5,69520a299aad167c1861e1f6ea9f39db
conservatives-1964-143-3,532a45cc7af2c0ea709f83c27713ced9
conservatives-1964-74-2,f35f2914055f2e06ce88d7126712694f
conservatives-1964-4-3,1bd59377c2f9ce61617df9c05aa67852
conservatives-1964-92-1,996558893dacace5937e000dd6b9e056
conservatives-1964-202-2,18a25751e85374b89035abd2bec954d7
conservatives-1964-197-1,32919634979bc3ce7d1dfc75520082ca
conservatives-1964-192-3,c3cdc8805083bdd0b74c2104fb765540
conservatives-1964-193-1,f3c0474d575a12c303e61ecb84c0c270
conservatives-1964-190-2,3b7a15aad79454a22a111dc7c2d6a6ab
conservatives-1964-37-4,ef1add51316f8b7113b29288a759d461
conservatives-1964-205-1,8d3c8c7fb2f496560667a5b3b129f1dc
conservatives-1964-4-4,4bc08898bbb1f2ab07d739070a42c10b
conservatives-1964-57-2,10ec3cb0bbafc467335bee84b7f54793
conservatives-1964-38-2,f23b125ea42e908f6e363090dc610312
conservatives-1964-169-3,f4c76a38d9a918748d6ba9dcbe32f43a
conservatives-1966-30-1,7ea955219a14c34be43b9b7d36116a3e
conservatives-1966-23-6,902436660f20777fe98fe39d44a76541
conservatives-1966-60-2,58ba197dc3d06d21713bc5e91b295630
conservatives-1966-39-4,069308224b9f3398819a3fba3c1d64c9
conservatives-1966-202-1,fb2caaf692ec8b5472c8c3eac64d5ce4
conservatives-1966-17-5,ae740ac3d2ea90ec4b82ef9f2a3cdafc
conservatives-1966-17-3,089faa72dc2ac6a9a56bddf24528e0b1
conservatives-1966-37-1,5a998813a2b338fa64c2fbe27c1509f9
conservatives-1966-34-1,7dbf0d2f4b163680d96daad0642ccd75
conservatives-1966-17-7,1c12b47bdc93fe460218568f9ee55cce
conservatives-1966-68-1,bcff394104301826981eda85cbd36002
conservatives-1966-43-2,83cac90e14f1135134e55287a6f1cf8c
conservatives-1966-121-1,39faf31a28d2dc2530e2b612fbc8c7be
conservatives-1966-40-1,e3147996395657d45e312a3bdf7cd4ba
conservatives-1966-24-1,82add89a8743e75d3adcd622e5984d0c
conservatives-1966-33-3,3315115d9d5de6328cdcb01469c5600a
conservatives-1966-161-1,8fced358045c55001ef7db78aa175dee
conservatives-1966-129-2,f215a7667e0f6288f55dbffdf206d5bc
conservatives-1966-71-2,e52e5ff796215796bf8a37e25d8b872e
conservatives-1966-146-1,7ff8b5a53c425cce88bd739b635a1d24
conservatives-1966-5-3,2caa5f163858932666be8693bd2d1e98
conservatives-1966-16-3,8cb34cb2dd331de27451c883eb0d45fa
conservatives-1966-169-1,c9ab2fcb46bb0e83f13790ee88858d43
conservatives-1966-150-1,232ae2d7fb322c2cf797c9dd27cdac96
conservatives-1966-95-1,2a2427aaa6421892d34d3de58d872402
conservatives-1966-44-1,fa48ecfe702d954d2c7a0a3c5b5b0607
conservatives-1966-29-1,91e1d322ad6041d42b5cae9fb18ecf03
conservatives-1966-18-3,5efabd0689804401f63dcaa374af6e95
conservatives-1966-172-1,c91dd95cb8f168aebde25d4be2df1eb2
conservatives-1966-23-5,d64fffbc321f2c1d769e6e486132de53
conservatives-1966-26-1,dd0f97f658adb23937dce176dc16bfe5
conservatives-1966-32-1,9e604eb5e7a34fb89e314e2f3e606281
conservatives-1966-42-1,42b9824dee0626315597e03a132bfa20
conservatives-1966-58-1,6a53709987c2e014ac5a2ae9419cdc1b
conservatives-1966-61-1,4a63f692616873ddb21bacaa6ffe009f
conservatives-1966-132-2,23eb336dce16f3b5c08095c1947ae982
conservatives-1966-168-2,945a9349867ce8ba850c1c83e293f00c
conservatives-1966-39-1,058d694990afb01be45a7aef001e34f4
conservatives-1966-35-1,b50c850ba7aa57f97a2e968eb0b325c2
conservatives-1966-52-1,590a0eccf6819efc3ecb271c1a5c3217
conservatives-1966-16-4,59b2c167e06ea7cb20786ca88a8570d8
conservatives-1966-126-1,73ad1826062361d693391899d9fd049e
conservatives-1966-28-1,53adb05627136e5bee73624fd95dec05
conservatives-1966-167-1,396859a4b9b9661bc7702d27cdc825d6
conservatives-1966-78-1,797beaabed6dad2245a6dbad7a4bcd58
conservatives-1966-83-1,1c154e84172a5d772d134f9cc9bb2cfd
conservatives-1966-17-2,2f924dc8bb71c5154dc3b0466368df2f
conservatives-1966-15-1,fc096afbfc50c3f1b62aa6b763350bd6
conservatives-1966-205-1,f0f2c779d25f71e50e2bc5da496d389b
conservatives-1966-116-1,b14e3e86a74e6a244e7a47bde5c9abb8
conservatives-1970-4-2,1781b742c37dbe7a8dbfbb9443adad67
conservatives-1970-8-2,e9f75a130e3df8804ec0ec9f6bb5aef9
conservatives-1970-19-3,48f2cf5c556484e4fd24adf534cb4dfc
conservatives-1970-72-2,652ea627775c369d209f2edbfb9058f9
conservatives-1970-10-4,f60749eb2c0e43a6f7f1035b5f5521bd
conservatives-1970-128-7,42be84ff5dbb7decca6d26c1dcd399f4
conservatives-1970-175-1,34e0bb4921dfb144bbf75d6be2d158d4
conservatives-1970-34-1,98a7677fddc297c1d89e1ba8455bccdd
conservatives-1970-46-1,659510ec6c8516acfedb303e7ae81f60
conservatives-1970-8-1,8e37a2e859de42da33e7b759591a3244
conservatives-1970-196-1,92646b69fb96d2eeeea73fd617fe4365
conservatives-1970-149-1,abdf3b7d57861fd31977bfc387cfb847
conservatives-1970-78-2,6100abe2485bcfe5deff9a988dbdc836
conservatives-1970-12-1,a9118bb39b4525334cffcb7a9bda8f06
conservatives-1970-56-1,986963c4ae7c2de141e73ba78f168ed1
conservatives-1970-248-1,7f483614b95faa626275185961de4a7b
conservatives-1970-142-1,f7bfe22ec6a68d3fef16e9c4643b30f3
conservatives-1970-3-1,4dd8cfdd858fbd11bef94dcb6e235530
conservatives-1970-161-2,65d43e2d267554e6bd2959d01c831919
conservatives-1970-10-2,351a18e3168a8c0cb323b3dc6e16d327
conservatives-1970-236-2,425400dd15334650065e16c7dedb2d7f
conservatives-1970-24-4,79b428b6eef156a4787a9de29924c03c
conservatives-1970-9-4,993cba3d763262f35ec7e201d3b69a50
conservatives-1970-17-7,07ee736cb6c1097ec7ecc9b791467d21
conservatives-1970-17-5,d5a1e6790fdfc05cd59a2b115c850e67
conservatives-1970-61-1,17fff3320163512f453fd72237887722
conservatives-1970-19-2,ac12ab818bd7f49a939e8038dddc68f6
conservatives-1970-105-3,2f3ebd9958fe48211d5646a7ce005441
conservatives-1970-40-3,7208d9ef92549713917369a92db258d4
conservatives-1970-2-1,5b35f976efb25503cf2a7078cbf56e83
conservatives-1970-51-1,045a7baef721950718f9cead74f594ba
conservatives-1970-132-2,330f61194a9e37a3e3e1618f8b4aca47
conservatives-1970-214-2,b3470b45c5a46f038da2e0995ae5cadc
conservatives-1970-41-3,9efedf9fb3da96c717480b122a5b3266
conservatives-1970-5-3,5dc64237f985f693cf919312cb1510a6
conservatives-1970-41-1,02e3fd7f351cf02e40d7b575f06d877e
conservatives-1970-136-1,03bee13f1c37135d39e7ca34a7d79828
conservatives-1970-67-1,d361f786a3de8b348c858d9d46eff30e
conservatives-1970-38-2,31772d2d3c08f5f5a3466052de7a67de
conservatives-1970-24-3,2afdda4b3b6277a316fea51456f0d95d
conservatives-1970-32-1,e30b4ea0e48f3dde32122a2088dad7ab
conservatives-1970-7-2,dee25b2457b940dc31573dafa88a76b6
conservatives-1970-191-2,4970738430cb8143bc7432e7eae2917b
conservatives-1970-239-2,abef582381866fb0ab68ae33e91ac452
conservatives-1970-118-2,9c8189499f83f52b915e5dd2431e0a7b
conservatives-1970-35-1,425d60778f8252c29581ecb96431d10c
conservatives-1970-133-6,81647bc2432f75238886cbe865ae0f88
conservatives-1970-248-3,4b7a39843c764f3d6c26acd015acaa22
conservatives-1970-22-1,27a4ef32335bea6f6ee44b29a5ee99b8
conservatives-1970-90-3,13c861da64e904fe98036e4695cf7afe
conservatives-1974-02-153-3,a9cd6ad568493a35bd063cdcb66b1d5e
conservatives-1974-02-113-2,c1c8618284018be7ebb13cba140f413d
conservatives-1974-02-70-1,09103e538ef89302ad60bd5bbc4375fd
conservatives-1974-02-159-1,75bd28a01b4303ebd93a4dcf55e53ec8
conservatives-1974-02-223-2,483854ae97421e74f132bd53d757f898
conservatives-1974-02-301-2,0c5d7bc0eb43e71dc519e8292d3eec3a
conservatives-1974-02-154-2,f5e29071a51645bc4bd95cd7702372b4
conservatives-1974-02-197-3,dc9063984471503bf11de0a62e5c8da0
conservatives-1974-02-120-1,cdbda2295b0150dc50e8fc5646ef1a06
conservatives-1974-02-240-3,92f989744a2d4abb5faf785696cf697b
conservatives-1974-02-115-2,f275a47617be7fc55926ae6fa77df1a8
conservatives-1974-02-116-2,704f17682ed234794b191f9da46c9513
conservatives-1974-02-93-2,a439739d1cfdcc0c8764541bcb5d7df3
conservatives-1974-02-198-3,a6b4b88cff5b191b36815276e503d735
conservatives-1974-02-220-1,e43c3e6def12a0c7cd47d9c6a45d4867
conservatives-1974-02-264-2,44656b5f10a9dda4999f95fe7583b02a
conservatives-1974-02-350-1,495fa7bcf672e51ce51d781690e75817
conservatives-1974-02-220-2,277c85f7f87e32c5a1108bac0c29d479
conservatives-1974-02-157-1,c50343104ecbbf5ad250e3ad9cbcfddd
conservatives-1974-02-323-1,f7544ab11e6bc26b084138f9f9487051
conservatives-1974-02-207-1,c0310252154bb14e5d8fb741b40ab4b0
conservatives-1974-02-172-2,15590806f5f130a86ff2342af19d86ea
conservatives-1974-02-175-1,7c7b4ac6783d5b0775ec33a20e0a262d
conservatives-1974-02-116-3,f7b4450dd2a40a53df87d29b7c6294d0
conservatives-1974-02-160-1,e97befd9c663dac9c5d890445706f6fe
conservatives-1974-02-217-1,52dcaefa4a44f7051b1b52b71daba23c
conservatives-1974-02-96-2,a4a5400ad36b7186d15775158a80195d
conservatives-1974-02-215-2,2187e97a851e96a173c095fef616d7a7
conservatives-1974-02-87-2,fe7221acf8a3eefe26868ec8d11e037b
conservatives-1974-02-304-2,c3aeef636e3b3dbfa4c45418e8c3a648
conservatives-1974-02-68-1,ce47e721eb48224246d8cadd5197d8ef
conservatives-1974-02-177-2,3419b9e905895a462ed6b2bad0ea0106
conservatives-1974-02-130-1,050c870cba4bdd9e88003cbd48706f32
conservatives-1974-02-144-1,cf32732c747245e3b653cbeaf5d2b67e
conservatives-1974-02-157-2,308dad9a4bcc9885f5d99d4b76512631
conservatives-1974-02-109-2,80913f9ad8c3eeae851bc5c90a7678d0
conservatives-1974-02-307-3,720297eaaa357b40e5661592eb26e789
conservatives-1974-02-284-4,256698834658a407381a6bf86cc41312
conservatives-1974-02-302-3,eaf45414a06c6ce0bab77e776dc4979b
conservatives-1974-02-283-1,84e23e34e007ca6169180954ae076602
conservatives-1974-02-174-1,5800148e4f8ce8aead2abfec2d235f02
conservatives-1974-02-313-1,fc399e81a2275ecfa858b5c9b07448a3
conservatives-1974-02-297-1,dbf90acc51e59c76b445fbc8bc88188e
conservatives-1974-02-282-1,ca82fab182932f687c442ce6469e8421
conservatives-1974-02-152-1,ae94da9fe7212f39c14826eca40c3e1d
conservatives-1974-02-149-2,5c48bf2b0dc3cdd3cad75b40b33aa144
conservatives-1974-02-296-1,4ce08c71aa78ea1d118baad5cbfa8e22
conservatives-1974-02-90-1,3831628ee29c3e0c1c9ec157d696f9e4
conservatives-1974-02-55-1,45130bb400d00992f458a2a5caa4218f
conservatives-1974-02-182-2,cccb6a4efbce10418cfceea0bdac570e
conservatives-1974-10-313-1,7d2ba65572d68710019f9371daa12b9b
conservatives-1974-10-259-1,ee8a1caec48ee9fbbd37581b52005716
conservatives-1974-10-203-2,0a657af41a40300032f1c61a53a5e828
conservatives-1974-10-221-2,6b98dc8e5e511c225a46553adff2ec24
conservatives-1974-10-215-2,fb63bc603501917c18aafc4934e247a8
conservatives-1974-10-141-2,d325cdc0017613f41fab2cc00ba827e2
conservatives-1974-10-141-3,4b998bfccecdb6533a1156bf18456d38
conservatives-1974-10-131-4,fdf7da0a16d38633b8be60deaeddcbf9
conservatives-1974-10-184-5,56c34794425180163941872a8b71e3d2
conservatives-1974-10-294-1,921e044319d3c1db6a060f86d284a581
conservatives-1974-10-251-3,c9576865cc182890c81346669dacf7e1
conservatives-1974-10-272-2,b11a47d896e61668e7b3b75d73a8355a
conservatives-1974-10-63-1,d44bf762bdf9fef35bbca5fe8bd262ab
conservatives-1974-10-131-3,e0da6f2655db0442d6045294f8de20fb
conservatives-1974-10-138-2,73385ee530ac9bb37d040f6cdd438071
conservatives-1974-10-73-5,b0215441760b52dc1b189f2492c5442e
conservatives-1974-10-307-2,cb76c68830eecb3e6d37b8361a31245a
conservatives-1974-10-320-4,a8d2b7b116d8a20b2eb4b945b448307e
conservatives-1974-10-294-3,7bbd990d8ca252c520b38e9c3a8ecf1d
conservatives-1974-10-334-5,434128303849ab58cfa5fecdd6383647
conservatives-1974-10-134-2,ace2e43afc90bdf44a95da34984be7bb
conservatives-1974-10-181-5,cc3ef3606a9c9bdf18e2ac8cc4c2b292
conservatives-1974-10-181-4,0deb0af8158a4d9e13eae6b4a6eed140
conservatives-1974-10-138-1,ed180f1be2335ca9a0157956c95839ae
conservatives-1974-10-68-3,fd512cea4b2cc24aacfc8cd783bc7124
conservatives-1974-10-70-3,006689276a28915271c9f2e5611fa5ce
conservatives-1974-10-114-2,85e6be2977a1b454b418c3ce11e133a8
conservatives-1974-10-327-4,f9891fcf4efcedb8523a575a404defba
conservatives-1974-10-270-3,5ae52d56057bb3bfc8e5e946c1621e7a
conservatives-1974-10-120-1,ff6e5719fe7b0ef9c5c0879f9771b58f
conservatives-1974-10-174-2,0bf7dab1eea6e4be29a4b5c0f30bf9c8
conservatives-1974-10-333-1,4f05b91024c712e0cfce02ccc8f5f394
conservatives-1974-10-14-1,541d79d22d4173750b4e888c4f50de02
conservatives-1974-10-276-1,f6ca26cfe64b404c6988fd5f734af51d
conservatives-1974-10-97-3,438adcb200c55bd1de00cef04a2f3224
conservatives-1974-10-31-1,0d95211c4450f157805a7e060fe07768
conservatives-1974-10-323-4,13a0d00a9bccbd1716fc0fe9d0b6ff29
conservatives-1974-10-89-1,6bea32973ec57f186ad175610520e183
conservatives-1974-10-270-4,071569ce67888fc9ce1af0c410f63371
conservatives-1974-10-218-5,9c55309d12f70764035d4e5361dda479
conservatives-1974-10-289-1,a4a92bc29a5f04d6a15bde124d3a6c28
conservatives-1974-10-279-1,a46b07e5251755de8be9a03c4436dd32
conservatives-1974-10-43-3,75c23e1e80690cfcedfb7f8fe52093ed
conservatives-1974-10-176-2,1bda3f0f46a62c53b5790adfd9e334ab
conservatives-1974-10-132-1,5e9c59654691c69da54b2fd07a439e1d
conservatives-1974-10-218-1,c2f86e9610aac1d88a9f0ca077b138be
conservatives-1974-10-339-3,8bcafed4e39586efa215c8bff5756c85
conservatives-1974-10-218-7,f942e7209d21de16b3995eb7742ccb20
conservatives-1974-10-26-2,ec515163b6c216452a1b38e6036eeaf6
conservatives-1974-10-212-1,37c631d1adf9a8e5045766ed79a26376
conservatives-1979-21-1,56cf76006f3165b55871bb9742844c56
conservatives-1979-178-4,3bb2008ffc185a849b4f99f1348982a1
conservatives-1979-172-1,5aae6d0a419ac3b645710c99a4eb34fa
conservatives-1979-12-2,16c09892b44c9691b5b4e59b6f84da80
conservatives-1979-71-1,de536ee4ec2cec6d7ef6178d3ad7497a
conservatives-1979-181-2,9bac980c8608678df8ba328682787d7f
conservatives-1979-145-1,1252775cbd16fdd326aaa652f32df295
conservatives-1979-105-4,d298d5022a8efcf73c38dea875432e30
conservatives-1979-108-5,b915a3a115599add48eae0c9006fac7c
conservatives-1979-168-1,dd2abfe8395231cbdb3235b38d4f9efb
conservatives-1979-6-2,1764473b42cda089c82bcb0d0d158ff4
conservatives-1979-105-3,b5b99552f0551b21ac6cc9ebed4bc6a8
conservatives-1979-127-2,03e12bdf893169cd7f425cc74a8d26f1
conservatives-1979-165-3,faf8c001265f5badc386e5390b598837
conservatives-1979-154-3,7ff12b9ee01cfebd9d373779fc01962d
conservatives-1979-121-1,89a09d5cc8aececff679aa09a19867dd
conservatives-1979-111-5,e47cf02eb66516773fd71f6d754f3069
conservatives-1979-182-1,cad4dfe67bca57e37125cbfa3e21e01e
conservatives-1979-125-2,83ae5987dd2d423999200a3211e46ef0
conservatives-1979-3-1,b09205c418f6c428ce1099625f603d96
conservatives-1979-116-1,921fb836be8e4d0b92e68c777d2025b3
conservatives-1979-160-1,bb4451b32bac830fa151fa136916f367
conservatives-1979-114-4,3201ca2e9c398748cb6f5d6178535658
conservatives-1979-7-1,52678669a9d74aeda7a49de2e88991cf
conservatives-1979-13-1,fb9ccd6f1f742097d27ba9401d11d347
conservatives-1979-34-1,308d1d3b3ee889d5988879e6c076ff22
conservatives-1979-155-2,eb756dc33d7845a36372267eeb1f0198
conservatives-1979-39-3,f3f904f56461f515fb295a4e1a335c4e
conservatives-1979-167-3,6fd98fa529a9de406caf57891d8ffce7
conservatives-1979-28-1,37244c585ef0f4243cc521d90eca8a4b
conservatives-1979-81-1,df58c6730c0ff79b4b5bb4c014617158
conservatives-1979-199-1,a886c69cf99273d65220d81843aad004
conservatives-1979-157-4,7dbec1ab1d4742d54d198c83a0ed8b54
conservatives-1979-173-1,868ada8fd575083e36923ce420834a18
conservatives-1979-31-1,a72f1967c8b25248207167e8831e5af0
conservatives-1979-188-1,a8da3ba0292e3dc837964bef41610736
conservatives-1979-148-3,c9a2bfb79a47b76fed6e5332e3ab91b5
conservatives-1979-81-2,b5cae2b44392b62ca8e3868a9b85441a
conservatives-1979-84-1,4bcdf9651b316457f15f064d883ef0a7
conservatives-1979-199-3,328efc3f1674bcce91d4f0933faf4bcc
conservatives-1979-12-1,c4b8ef234d89ba0f321ea06b0fee112f
conservatives-1979-76-2,75324f75ee2c0e6866717b44f57341cd
conservatives-1979-11-2,7b0fc45121857a50ecde0097ca1bc7e7
conservatives-1979-57-2,8fb8501d1cba7831f88a8ff1baa09ffe
conservatives-1979-101-2,729064df34babbb9a6ec7524775a2d6a
conservatives-1979-117-1,79ba2c3547f6270a1216157729856c27
conservatives-1979-198-2,159a5d74a863a99985c3eb6eeaec0355
conservatives-1979-171-1,7e8f44330b331fe90e38aed22f80f3b4
conservatives-1979-186-2,1a3ae42e870a0eeff97fbedd2f91df45
conservatives-1979-11-4,840bafbcd9d2236b6c684abbfd36183f
conservatives-1983-183-3,a9e23a7c9db11bf59c297343afe50255
conservatives-1983-298-1,b2e3e09825b8dcffe03efe6b5ae230e3
conservatives-1983-323-2,b5f5390b9c5dec561a6d439583d3f4c6
conservatives-1983-291-1,7c51b228f059857412a2ebd65f6cf52d
conservatives-1983-202-1,b78e4efbb01f48c45f3f61b5d7eec2fd
conservatives-1983-239-1,24e9672a094500ed8e33e9e47e23d89f
conservatives-1983-151-5,a9d49a938300c6a8432eb2a7c31bd223
conservatives-1983-7-1,3cb4ca23682f6af4113645f2d02e0cf5
conservatives-1983-189-4,2f222c8fff2d1fd0dae3513e25dabfdd
conservatives-1983-231-3,cdc70b08b10008c71eb04dcfd3a1ddcc
conservatives-1983-321-3,d4343cecf5eac74cdcd9e3a4078158ae
conservatives-1983-206-1,a3f14833993f80af318e09dfe4c83aff
conservatives-1983-151-8,1451c6f0d562551ab2dfd78c371ce5f6
conservatives-1983-69-1,f8a8023eba6de0ef72efdc80cb6deec8
conservatives-1983-236-1,8524a47a630fe80cd64152711b763806
conservatives-1983-229-2,e289aed40ff0b85815811279bc4fee93
conservatives-1983-25-2,67980f8aa48ae459c8c2202340f51378
conservatives-1983-303-1,61bb5610719ea39110be3cbe703652d7
conservatives-1983-266-4,e0a48430aaa287a192b35743de2ac0a5
conservatives-1983-20-3,0d7d41caa8278de19f6383b3ecc7598f
conservatives-1983-324-1,61204a7d44aac87009b61c9cac775a15
conservatives-1983-7-2,05c338e2b6fbe7ac293589520fd2ee2c
conservatives-1983-155-1,dfc578edf7507bd09774ec3cd4f4ecd0
conservatives-1983-255-1,b0aceca049a78fce07874e43a5dc5e35
conservatives-1983-324-2,6d642ec20fecf3a4573f9e592677ba31
conservatives-1983-322-2,1d30c3d77dd2de4a4cdb50ed57c2b93d
conservatives-1983-190-1,a18b88521239a7867f225948242f3b2f
conservatives-1983-30-1,89bf4a5ccd87c580c3b5797c817e6cf0
conservatives-1983-151-1,1b1ce60f1566bed95dbc1611f654e88a
conservatives-1983-266-6,8d59e57b0cca817b6a0571d5f84b781d
conservatives-1983-242-1,9629df58f0039e4c169bac91b7df473c
conservatives-1983-269-2,d2ea15b21f89dd99eb9a3b10bbc8355b
conservatives-1983-111-2,576316ceb67fb1ad4ba635ba1f7a6da7
conservatives-1983-77-1,060aac2dcde21daf66921efbd26b1416
conservatives-1983-286-1,317c9e5d43023391b608d288ac420cf0
conservatives-1983-310-1,350594341bbcf9a9370a4674ad1759c1
conservatives-1983-234-1,05763d39404f368b2ff718b4207ece39
conservatives-1983-246-1,26af558db82e3345be1419c7d6c34cda
conservatives-1983-188-3,e00ec37b55df73ad9c00305682958c96
conservatives-1983-121-2,59660d83204ad31fe508043b6965ea08
conservatives-1983-158-1,8e07877c04ce6cf549274bdaeacebf72
conservatives-1983-1-3,620609561fd750a7bdb171be603e8d48
conservatives-1983-279-2,337e33a6e4f57ed8d97c48469f7a89f6
conservatives-1983-13-2,2e97403454445336bf5fd5e3e068da36
conservatives-1983-100-2,defaff18073b13d322776311f4e7fb81
conservatives-1983-322-3,482a15f53b766fc118cd3701e245e727
conservatives-1983-139-1,e61bc54dc926bd6ea28fb31f5a7eaf59
conservatives-1983-85-1,b5d06b9187d9b1f0e39d769bcb2529de
conservatives-1983-261-1,7071ff15a02b9d1111d4df3d61446bd7
conservatives-1983-141-1,459e231a44d7dd452295c0b25c371909
conservatives-1987-203-2,9440f39dccc7728693ad16a50caeb2b5
conservatives-1987-377-4,a4b4d19b6a1c4314571029a4cbdbb71a
conservatives-1987-480-1,f17190ef05301e882f8553c89511d13b
conservatives-1987-271-1,cf5c40eeb44ed0c12498bc43bfeb4a38
conservatives-1987-264-1,81da8d968badcf164df7062b9df35bc7
conservatives-1987-81-1,10f03f3d848c89aebce2a9245426a891
conservatives-1987-154-1,53368d005f97bddac3e2f9c4394fd7e0
conservatives-1987-385-4,1019c3570118badadadd314c32ff7503
conservatives-1987-5-4,5d546b7f5d6eefa07759b0251d0bf677
conservatives-1987-594-1,4857900bf2f8702e1bf4ee0a34a0d85c
conservatives-1987-173-3,2acdbc263715717b07124c008928e1e0
conservatives-1987-79-1,88849d22209f903adc55f257f4774ce4
conservatives-1987-457-2,61e3ac07da961c24f63b955d082b1d04
conservatives-1987-538-1,753887f5067ca5226f1c939f4455f23c
conservatives-1987-523-1,13ca351387b04b736c227f89afae87ff
conservatives-1987-2-1,3bf1a6edc569afd8a3ca8df38d2ae53e
conservatives-1987-78-2,e839b9010f3f700fcbe5042bbc6abf6c
conservatives-1987-328-3,4cae997c031dea9c75fd4ed13d295140
conservatives-1987-498-1,d0994724caaa3626581d6572b5d6f41a
conservatives-1987-591-1,b317ce5b1d1afdb85161984026104ee2
conservatives-1987-194-5,e3ebf9c1bf0ce80296b7012442ba7175
conservatives-1987-6-1,05c66bf24803103aecd7fce29344b69e
conservatives-1987-592-1,f7997a8371bcb2cac8669c5eb00873ad
conservatives-1987-4-3,16f067d09eb4d39b20fae0d81d6e9cad
conservatives-1987-503-1,0495eb19d409beed0fbc1de228e117bf
conservatives-1987-357-1,7c3ae6f2d6c07f3b72cdef051252fb00
conservatives-1987-142-1,914886ce5b6187d8dbfa652d7b1182e5
conservatives-1987-213-7,00d030d117b89c485095253e93afd96a
conservatives-1987-28-2,29f0f83d3c0c1f6333249bd14cfdf190
conservatives-1987-519-2,c99284c12b9542085e566f775ff86f09
conservatives-1987-397-2,ec493f64acfb6efd8df22c0a81035f24
conservatives-1987-260-1,aa35ca5a5c2b13cfd923ec275fcb2722
conservatives-1987-151-1,892dbc13ebb3a03e255192f35d52ad7d
conservatives-1987-464-1,42729cec6761a736a74a858b63a0d294
conservatives-1987-490-2,f51915706481729e030216a0c0105e95
conservatives-1987-475-1,8101d5d625642c36af4aa3f52c061cd3
conservatives-1987-593-1,5f4313190253d2cc6627856bdeea55b3
conservatives-1987-343-3,8f7bf4d14991d62b52f0be17e7981f1a
conservatives-1987-306-2,813b19aeede3a416ab8bbb572ec70075
conservatives-1987-389-5,45aa14cc1ca4e4259a50a637196f0493
conservatives-1987-374-3,111b039f0f1d34c03feeafd7e65fbaee
conservatives-1987-67-1,91e3f48091a86824eeff4029a7788d97
conservatives-1987-135-1,354facf78dc2ef2a935b56ca53b1a439
conservatives-1987-388-2,a16fa6e2516f70602cbec00b5339e646
conservatives-1987-482-3,a9d2cd21e4dd642a693f400adda4a25e
conservatives-1987-511-1,d99b2ef3729c56788b519b3bceb8cbbf
conservatives-1987-377-2,719d1becd6159248397ed7ec521a34d2
conservatives-1987-425-2,9fd079748938e54b442bcf39c2e267cd
conservatives-1987-340-2,48aa38ddd20cf37f8c30888c999d36de
conservatives-1987-130-1,0b049db1ec8419ac0de9b576ffdc9651
conservatives-1992-543-2,f90a40c597769d84f289074b58999d62
conservatives-1992-722-3,f11c41739208ca2171f33d9d93bc29ab
conservatives-1992-920-4,47e4addd79c224bfdd1d0a38fa3d4422
conservatives-1992-53-1,e12c4e3226fda2b0ea96a1e345b5d5a5
conservatives-1992-11-4,97fff76852f85fc77990b5d7cec94939
conservatives-1992-709-1,8a0f87809afd17ec482f41c43b6caac3
conservatives-1992-822-1,8d7d09fd81b666be4d864721c6ecbd08
conservatives-1992-67-1,b0331ed402206e7bd611094499330a81
conservatives-1992-660-1,533f4969452a565671228de5fea6a182
conservatives-1992-85-1,a8bc35b9f1b745d52a7bc9ce99332d5d
conservatives-1992-266-1,82ef5f592a1add5405e30088dfb3cce7
conservatives-1992-830-1,3872742c3b3ea296b9e51e6f9d199b1b
conservatives-1992-590-1,6f7d196b7058b7a38551857c44783c69
conservatives-1992-251-2,70d17a1ed3a023a8345bc42e0e4fb665
conservatives-1992-147-1,48395e3b843e28a0806caf20d5052b34
conservatives-1992-59-1,905106db1f063121cd18dbd2fc3aec66
conservatives-1992-404-2,65fa0429e4624f4220c8b0aa6efb5d03
conservatives-1992-486-2,e68b04c6d42bdb572db051c79d9886c0
conservatives-1992-276-2,e65203081e979fec7fbc8ea84cfe5ad9
conservatives-1992-659-1,3dbeb22ac84d73e5c7cb442faf39aa30
conservatives-1992-8-5,7a54cb2ba86d68ba6d6a2915a5ae2583
conservatives-1992-916-4,0588f618a9c0f36cfea3d6f933a80589
conservatives-1992-614-1,1a575df6c31c70da6293ae289a119a4b
conservatives-1992-10-1,f55c77c04a2dda287f53db12febcbf32
conservatives-1992-294-1,edc0a5d2a4ce0cab800ca6e894c2c052
conservatives-1992-657-2,2e1a54c4e9b505c5e921ced1abb77674
conservatives-1992-117-4,82b56e05e9c1a9ec8b71713989e40867
conservatives-1992-911-1,b756b35a520de81246c6267be0e02461
conservatives-1992-677-2,0d46c205fbdcb8f89c153194ac4debd9
conservatives-1992-351-3,9cadc028fb7cac82b350dca79c43c50a
conservatives-1992-369-1,6b4ccff0a2ab17046aa974178a1d8e07
conservatives-1992-390-1,1180a345d932cf6b455a167fe092e2f6
conservatives-1992-917-1,bffe19b14954c9eb4ea2716798bcd3a2
conservatives-1992-353-1,5ac42ca2d2fd7872372b30b534494331
conservatives-1992-883-1,e2d525ca549f011ee8059145bbf819db
conservatives-1992-12-2,17fa3f9063a6d8e6965310c7d7c3ab49
conservatives-1992-582-2,0b254626135eae0fe2d5e8c40657015c
conservatives-1992-18-2,896ee95681844f423b17d7bf3414c719
conservatives-1992-730-3,b979f973cefdcbecc34d9f4afdc9f189
conservatives-1992-859-1,2b97adc42378e5cfb9ebfe16b37d9df6
conservatives-1992-351-1,98739acd4f9534a2440bc653b40bafd7
conservatives-1992-395-3,37adf002d1c6d1b82278d9c394ea7b7a
conservatives-1992-757-5,a676c0a541de0d69c442a5637def3067
conservatives-1992-882-2,9e8ba2fcfcbd86bee09046d5eed6b19e
conservatives-1992-887-5,1341bd46f5d8938f217bc56cc85b3f17
conservatives-1992-267-2,0a8450f7775bb92cc3fd86d3db659b00
conservatives-1992-853-2,a01ce7da3fc3721081f666b9728c55f8
conservatives-1992-113-3,43085b057b65d46ed941fef091fdfc87
conservatives-1992-662-1,54acd3be503800ec1b6c60bf2cfcc59f
conservatives-1992-12-1,ca32074687568252da7ec7eaa33958a2
conservatives-1997-523-2,c6b79946e97dae992d5afbca86ff504b
conservatives-1997-271-3,a6f6f9c9069701bbdfde19070a354f61
conservatives-1997-390-4,74430416264747b7bb9d2559fd40deb8
conservatives-1997-548-2,84ceff751ebf1294528ccad497ac256b
conservatives-1997-7-5,3ab68b52197aea6508bc9f136e4a103d
conservatives-1997-205-2,dc5162a63f86ece202048332d99a6c75
conservatives-1997-363-2,03af06b2849eebbca996ab64797ad47f
conservatives-1997-7-4,0ed96d531af7de52a60d01897df3c72b
conservatives-1997-154-1,c79108559f723455f11fc37f9a46fe09
conservatives-1997-184-3,e7c1a9c2b277a23b477d0be710fcc8f1
conservatives-1997-272-2,6ea5affcbf7f7429ae108b44d6e11bc2
conservatives-1997-42-2,63708a2a25fdaf3e1375d2119d4fe494
conservatives-1997-546-2,60e4b645a047ee4df829109e414de9ff
conservatives-1997-372-1,d5f6ee0da26145fbd27cb17feb296251
conservatives-1997-535-2,832ca26b8ac980a4284779cf2bf8163d
conservatives-1997-78-3,23e5c6f3556108b5a0453c7063c51804
conservatives-1997-124-1,99509f459b94dc90217f8ff34db405ac
conservatives-1997-561-2,eee19d6c33ec8a7920f42c21244fb20e
conservatives-1997-241-1,1cd7709d820a459e3f7a02abe6d32261
conservatives-1997-560-2,f17cf783f64f593f16027d7bc3a258a6
conservatives-1997-10-1,2e4894f755db358fec56f4232b495f1e
conservatives-1997-434-1,0ccebe2fcfa1be0748c362be2fff41a3
conservatives-1997-279-1,651c5f6634ae5da1f42af7eea7d68a60
conservatives-1997-567-2,1089ba766172c5ec1a286fd51e1123a6
conservatives-1997-8-1,2556cea380272bc7d3d25dcb71da77d3
conservatives-1997-34-2,411ceba4c5019660a096b381b90fdfd7
conservatives-1997-133-1,7d1751b8f80aa08fee1713d62d8af76f
conservatives-1997-475-3,0cd1923d69531636b878c22369077308
conservatives-1997-9-1,dd26f79a712e2c72a447f68b0cc3ecf0
conservatives-1997-331-1,a6210c822208afb3dd63afd27896cc1b
conservatives-1997-536-1,3c2e29a816f2bd7409e762510544b3e7
conservatives-1997-556-2,6a0260259bbf258032c6bdd3c03b7a80
conservatives-1997-12-1,1533530fd6f5ecb65bfcc3a93d20f0d9
conservatives-1997-78-1,a7baf2fbdf9bead18ae0c6d4561a7547
conservatives-1997-121-8,93fa856912b9853b341a9b1c08fe7481
conservatives-1997-54-2,8d42c6ddb4cecbaca75de1087cc7a112
conservatives-1997-338-2,b0a68f7e172cb82db64fa83fc9e5e6df
conservatives-1997-369-1,099c19acf8fda582b4d2b76ad5f0928d
conservatives-1997-468-2,5d8496fc2cbcb7debca7f7465556deb7
conservatives-1997-323-6,e95efdd5e9687b3b19d7fe01a5bd8b7a
conservatives-1997-2-4,98201acec01fbe37ef1cd3681ebc4e8e
conservatives-1997-505-1,be648f2d39179be260096ea99c4fbbc2
conservatives-1997-340-1,70c36f321b2c3a8c7dce9e3075f0647b
conservatives-1997-364-3,aa1ac4cc134f82ce98ff2e5030de2f88
conservatives-1997-523-1,30de16ba9405a0c067ddd7f488084284
conservatives-1997-5-7,f793f327c85003a1fb9a97ca820377db
conservatives-1997-2-1,09afd01798e2b75a7b26e026f38d9adc
conservatives-1997-390-1,f05cf3d3b0ecedb8049501d93a46277b
conservatives-1997-10-2,9b9ebf013537b1705321578b28cd40c6
conservatives-1997-437-2,c5b5fef0bc7c5d5c7dad44f88411ff1c
conservatives-2001-398-2,c2584d1348502dd32d9237ef5d003548
conservatives-2001-464-1,ae55980e5bf3578b8aab0291ce49c43f
conservatives-2001-274-1,587a7f8d7643d929dcd61ccc41d2145b
conservatives-2001-346-1,c08c4a03e2fd330f9f9e1e40f7c658b4
conservatives-2001-344-7,9e733aaaa1b27bd1401b4b6f35e361d6
conservatives-2001-99-1,731d287c79fe2e3c958c24000d9a0dac
conservatives-2001-129-1,15387b60de87bad56965343737294c1d
conservatives-2001-476-2,c5ae8d18c5f9b043895f5bcbe2b222cb
conservatives-2001-411-1,556ed4b4f19e48cad2168941b5565ee0
conservatives-2001-76-1,ec37d509014872f0555ef15f8d3646d6
conservatives-2001-151-1,61d7e7ff17deddec78ce6078473dc887
conservatives-2001-364-2,5c27056cc2fb883b63bb3475f5d12c3e
conservatives-2001-354-2,8eae437063c4ec9c049ed1d13e2184df
conservatives-2001-66-2,ef50f83a46d2e9eea79b86a5d51afb29
conservatives-2001-450-4,1d054559b5ef60fce34718bc16af1377
conservatives-2001-182-4,368cfb4e6a43daca96e4fc092331875f
conservatives-2001-458-2,0136f6f91bb0424b98c4490f02d3d828
conservatives-2001-470-1,95b83f7fb6e632b9f46b6c4f6405bd1e
conservatives-2001-344-2,e560b02073c8659991a9e4bb8e3c843c
conservatives-2001-479-1,a208cac6cc13f24b6be1bb46df355042
conservatives-2001-287-1,11373f48772a1b48e43fd8c2f131c4fc
conservatives-2001-18-1,e4d0d2eeaa3b6d529c95e8378f6864ec
conservatives-2001-15-1,f6df05afb0e220556f8cc10209c72cfd
conservatives-2001-198-2,c2e58fbed95c04aca7f2bef1abd35b12
conservatives-2001-325-1,07cf9dd3ef370aadeef64cf713dd2355
conservatives-2001-381-3,78cb387c6453c5dc86b2b7f84255b1a4
conservatives-2001-182-1,6a6e0b1a8475836ef76a4707dbbe4d49
conservatives-2001-152-2,9a4ef61cc845f0201ca5ca94e986ed28
conservatives-2001-220-1,9cc8c59ad9bd42148e31876c40b061a5
conservatives-2001-372-3,50d21d429c19432648fd91a660f2cbb6
conservatives-2001-152-5,d92d07cd5f2ec37d634d6e18a9d57951
conservatives-2001-111-2,02afe2207bd325af3fba4613c5dc5dd7
conservatives-2001-238-1,895616d088686a79d99210c8965c18cc
conservatives-2001-78-2,004d3f159e56dbfda0dec4cb5f40b998
conservatives-2001-225-3,4e5aadcf265ee385bb02d8798d1a97aa
conservatives-2001-19-2,6c0b0e9b388ca3656703006c5b9ccd47
conservatives-2001-428-1,7e6d3dfadb16f2a41288c44e5906007f
conservatives-2001-372-2,da1945fe05124e4c7fe9f4198f77de3c
conservatives-2001-376-2,9e418f817cbb7155bfa39ca36f9292c4
conservatives-2001-210-1,74818e111b41d7429daecbda8cfec9bc
conservatives-2001-20-1,18590687136d5aa36d1e806e0060ede3
conservatives-2001-54-1,e5c1cec0b0b0aeaa9dd752f136682789
conservatives-2001-231-2,1020c2960ab1097596ec1243efbb6451
conservatives-2001-244-2,ddb2798d3cfaefabda31bb4f5eb7e6f8
conservatives-2001-106-3,f8e9dab355d3c201fd90004f094e758b
conservatives-2001-67-4,1659e770400f5262ad6f40521c42ce98
conservatives-2001-377-2,c5237a7d2bda73ec7f2e91b739f621c4
conservatives-2001-115-1,a91ed3dc13ea27ee3558bb51ff6e869f
conservatives-2001-22-1,d16c056d817a46a4fa80aa36c4a65071
conservatives-2001-57-3,cccd99ab1f9d9a96b31dcc7f6768b4b1
conservatives-2005-24-2,6ece464e23e84be3b722d0b6c4903490
conservatives-2005-116-2,952826bdcd9a08f4bce4e366d59a2e57
conservatives-2005-97-4,e46b70d99f18f4ba127662a08388edb5
conservatives-2005-150-2,1ab6730f15234cea6d633fad424a4700
conservatives-2005-84-4,7e8c70d31b94bb690a5326d65bacf556
conservatives-2005-152-3,fe500ecd0eec2fe967f73cb65d0e3522
conservatives-2005-156-1,3434d6c9d3b03bcb816f44d2aa110d80
conservatives-2005-82-3,2e2bad09383339ee92d155839b1c53fb
conservatives-2005-115-2,dcafd2f7ff817005b79ad10a00087eaf
conservatives-2005-130-4,4f5d19e71ee07f1993e1917bb657ce6c
conservatives-2005-70-1,af7653f762f40c844da6d69f47e2f0b4
conservatives-2005-18-2,c11f5daf47507891f2dc3245d2c66bda
conservatives-2005-130-3,41506ee33434dd60ebae219f7c3c3916
conservatives-2005-138-3,1c1235a09031418c2f6f23621516a1d0
conservatives-2005-140-4,dde841b7bec42981a24b0721659c2739
conservatives-2005-89-1,24fa5f14152cfa3ad943ce7538f21fac
conservatives-2005-68-3,ccf886126dab9f4246a5041e4c68564a
conservatives-2005-94-1,7927ce7007b5e795aff91216977211be
conservatives-2005-159-3,5afb75b09f82d2b1e3a510548316f73e
conservatives-2005-129-1,22b0340518ef0c82a9254ef87d0703e6
conservatives-2005-38-4,463e11bea27a9a837a2dbe70f21d61a7
conservatives-2005-106-2,653db755b012df8789fe2101093362e5
conservatives-2005-116-4,ccaf977d964e23b40eab6816d4f4777c
conservatives-2005-136-2,69a8f9989be9606778da1997db0dca8f
conservatives-2005-177-1,2190d2b28d31f0e230b18b8bb224b956
conservatives-2005-59-2,12e626a6a5f7216c5c707d169f74c28e
conservatives-2005-157-2,388b1e6b4dea00255bd232257ec72dfe
conservatives-2005-7-2,d5ce4c29f91930b70e11d19e91e247a2
conservatives-2005-41-2,77019026b2f3ace4b72c8ba37588d25c
conservatives-2005-49-1,9ba92d377ad8e82d85fce2ea42805935
conservatives-2005-9-3,e765e8dbe0a92c4903e2c7444066cc3c
conservatives-2005-104-2,e17813d1047869513629a776bc4a6f0e
conservatives-2005-116-3,99a790915055b139a27a2bd8a535d643
conservatives-2005-110-1,dff61fc8f12692f5207c68b2d7ea38ff
conservatives-2005-31-3,aa8a823d9c5a0e3baaea3266ea5ac057
conservatives-2005-80-3,d15dca697451c4d49727c96eb77f51a6
conservatives-2005-132-1,2c7c9f082521ac368405ef1635fc67fc
conservatives-2005-92-2,9b4b0d309201364d576aca8afd46780b
conservatives-2005-131-1,a9ee0caffa9fb703632503f2437e8875
conservatives-2005-126-5,42e35020248b918008b7323b4f9f8385
conservatives-2005-153-2,bc9932bf585ef286910a77b853787a5c
conservatives-2005-58-4,1e70556d2465c7c1d1df0c6ea87c04cc
conservatives-2005-146-1,68ea6827b51e099f6568faaae8639b47
conservatives-2005-101-2,eaecd1476757873e4509cf09866e67af
conservatives-2005-45-2,81b60795245fc3cb1dd9a199a0e5ad71
conservatives-2005-118-4,495b0f737208b7d1c1349e781c80b989
conservatives-2005-37-1,8c9adcca802462210a30f208caa49f34
conservatives-2005-140-3,47cf78fdc06619994e3075b684d21b6f
conservatives-2005-16-1,bfc080217c616beab628adb2345933e6
conservatives-2005-56-3,e02ff377440b3729a1b9b24094d6a2fa
conservatives-2010-456-4,7155db1631aeacd9861e02e08c1084c5
conservatives-2010-139-5,22b2ac3a9a6c540ca517954dbee50b24
conservatives-2010-561-3,d5bd1a5f7fa22ef638ddbd9452a97ee0
conservatives-2010-291-5,53093d44a65e634920c5c37b2917e172
conservatives-2010-451-2,b4fdf94b3957aca4116d3d323a151275
conservatives-2010-301-6,43d4024184dc5505afe38f1a2806e22f
conservatives-2010-32-1,5dbe487a9604c57ac2f7c2221ef389cd
conservatives-2010-368-6,73dd75ef3713e03a6e876ec4169cb1d0
conservatives-2010-580-3,d889a5afc488ab961e2f822e3166bdcf
conservatives-2010-477-3,2bee47e285004bb9abf4a66d1ac7a594
conservatives-2010-98-1,3d30f73ceaecd66835bf90e0970948cd
conservatives-2010-335-2,e0d5589db175465a8ca4b95bd0aa4785
conservatives-2010-446-3,c54d31e5b3f569b616430afaca3384cb
conservatives-2010-546-4,db2309c7d24d43617de8c4738a19fda3
conservatives-2010-510-1,c772974f9365d5d30f9919bd621dfc75
conservatives-2010-347-2,6da765241fc427001eb7e19164a664dc
conservatives-2010-493-2,7d65bb2d367b4f4a8733b493c5be778b
conservatives-2010-24-1,804bea8fb33cfe4beb746a1ced6b0821
conservatives-2010-81-1,e25828b7d692bf2f310d1ca6dd074b46
conservatives-2010-41-2,ec49785ff7550ab699a28fa560cc7178
conservatives-2010-135-3,a74c406ead9b38b807424f6868e4f15e
conservatives-2010-533-1,db18aaad2e7d3d5240a457c3764f3e43
conservatives-2010-387-4,05a5b84fbcaf2fd3ac3d5dd411555676
conservatives-2010-5-3,2de17ee2b3bb64323680c3395614146e
conservatives-2010-3-1,47f018db178b02585dcd3e25ec22413c
conservatives-2010-21-5,bbd790359866fe896f9d7e1a311201b9
conservatives-2010-536-11,7d7782961df0216fd12f13b0573c3cb4
conservatives-2010-33-5,b7754608909e83552f4250b08b5b5ece
conservatives-2010-527-2,7315a558a21368b12d9a48a893da444d
conservatives-2010-319-1,f965eedca32b91759bb3a6313394cbdb
conservatives-2010-10-7,2d2e85cf936f2f866c42108e57692d0e
conservatives-2010-99-4,27d8e8d88684c2229407c6a38760f806
conservatives-2010-125-1,4fa46261a4c9f8dd65cb01f6688ad784
conservatives-2010-43-2,ae5e5d4400cf4693009e11fbed13a3e3
conservatives-2010-528-8,89aaea8f5e7c02482add0b1dfa3c4db1
conservatives-2010-5-2,4f3d1b587cba5849fbe5e29458ae74c7
conservatives-2010-334-4,0a75e4ead76c0c387f5de1763577a130
conservatives-2010-167-1,3e3eef0abdbfd4ff0301995486b06ae5
conservatives-2010-536-9,f0e9fed49171b07eda4ba9b145da720c
conservatives-2010-496-1,b3a09009e72c6d04a7cf55167033e96b
conservatives-2010-548-1,11ed3582ff0a9a88cd0a558a642dbeef
conservatives-2010-9-2,4bfa8fb046b061abad055f298d0f6b2c
conservatives-2010-463-1,f6035f1f4f507ea15a71423a6b18d50e
conservatives-2010-197-2,dc9bc017f8feb98a66e2a5571b247754
conservatives-2010-113-3,ba75fe5c261ffd7592a3f4359bacd991
conservatives-2010-132-8,e1b1cc2267209de6c909c19d20ea63b4
conservatives-2010-56-1,c69eaae7bca7418f2a23371a93273a8d
conservatives-2010-546-1,7c6298967f0c89104d2e6d1bc7589d71
conservatives-2010-237-3,7e8502c4f7f569a525dc9b40f33ad7ae
conservatives-2010-206-3,4e963f3876c1f1e5d2c3e2c56bbcacfa
conservatives-2015-466-4,96acfcbdce76b6f7c9fd2f78972a0375
conservatives-2015-26-1,de762ff8eadc48b0e6f1b00df739a627
conservatives-2015-551-1,96e0df7a351198e571200e1a515e2075
conservatives-2015-105-1,bc5d0ed9c75ad969f7757c74d4cf57ad
conservatives-2015-494-3,c0e7ac51a54b04880498de05416a973f
conservatives-2015-605-1,7ae6c2a77e3e401053f505e7b36d61aa
conservatives-2015-268-3,e4c7e61cdab0dd6a24c04a1995aa3278
conservatives-2015-375-3,d49b4d7104c5f70360376a6e72ab8aa3
conservatives-2015-281-7,6b862c20ed5a784c7e57fad12c118f67
conservatives-2015-190-2,c4e33c62656824f1a262013b54f9e7c9
conservatives-2015-564-1,5adfa4ee5dfc8b39753011af3d102347
conservatives-2015-427-2,68ba738a3605880fdffb5dc9d930159f
conservatives-2015-226-6,cf6689abde6e3b366e2ae8bd0ed93a58
conservatives-2015-76-1,15fd18b9f5d2510494cdfb6b075226a9
conservatives-2015-295-5,b4a31be3f6422be162af5056a2bb0ea3
conservatives-2015-151-3,22712101df4140fc91d4c7e6d6342b41
conservatives-2015-461-2,451e53536fe548aa7a737c789c1d049d
conservatives-2015-449-2,d6dee9ec13059cb0d37e40285598a9d2
conservatives-2015-177-1,184bc271e3b3ad1844a2f98884cba677
conservatives-2015-459-1,e963c6140cfdc9c3aabdddd7b8709fe1
conservatives-2015-603-1,87180c8853717f3ec860dc46d7ef4dd4
conservatives-2015-25-2,60ac0842e3d6ab3ec11655213bd6e545
conservatives-2015-404-2,de121ecc8e079d0ae5dcba776405f838
conservatives-2015-613-1,455224652acb0cb62dc3456f7dc8058a
conservatives-2015-564-5,6b91b6e0d5a95a8f8f401f2eaeb6665b
conservatives-2015-516-1,c52176ae5f43389fdfecfc06a92a82ff
conservatives-2015-23-9,fad5543625569b148fb42aceb21d2884
conservatives-2015-79-1,a73dae933a96104283dff6d5cd759280
conservatives-2015-364-6,855e1cfa655f78b10734169f4a7a9909
conservatives-2015-31-1,1697ee59ee7f9b404cefbeca3edd59ba
conservatives-2015-608-4,113d3e94d84cef6c53d02dc2ab5c1b6e
conservatives-2015-594-2,0e3e991b3595f74ce787bb39b34dec16
conservatives-2015-476-8,c07c28167ed01ab5e7f745ed82e5fc48
conservatives-2015-469-1,c302577c9f281acc0c7ee6a7ef53fbe5
conservatives-2015-562-1,d2cd95f3925d778b64fa78f6600e6fe9
conservatives-2015-558-4,4800bb935614447adae3b5e8c540d43c
conservatives-2015-424-1,19191a9f18719772250b30e08adc726e
conservatives-2015-319-1,a76305c94552d5e6f4d7a40a607fbe1c
conservatives-2015-330-10,f4edc79a0222d21af177300d2740d2d0
conservatives-2015-603-3,4ab76b9dc13929c9f826a0f72925922c
conservatives-2015-194-2,57db0903395738d4073fb90f8cabdaea
conservatives-2015-83-1,82b931dc74eedfa23058babc418517d8
conservatives-2015-48-2,37e97a72b9955d152089f6f26a233b52
conservatives-2015-594-7,221ac4a1ed7256f761c8c9f6b622c6c2
conservatives-2015-402-3,b8f44e88c7856769280924067ef4b2d4
conservatives-2015-615-2,790b4952f85af34cfbac5d359fe8497a
conservatives-2015-346-3,58a438e7690d7fb5021ad769b67649d8
conservatives-2015-599-10,f1cc56e372a607c83d5e12cc0296e247
conservatives-2015-551-4,24860534da4cd9aaa13b80ee1a1013b9
conservatives-2015-429-2,6fcac1c28ff0e2e3a58ac05c845de189
labour-1964-40-1,8c57a4c133001c8bdc7e0ed7054791c3
labour-1964-217-1,737f6785d2f21990e12a738f78dd1c84
labour-1964-238-1,6b08b6a92dbc3ec3a62c8e720fefa015
labour-1964-195-1,6bb6d60d3d34e635e25dfb7a972100ff
labour-1964-3-4,c4525115b60030fb0669a0b7010c2d1f
labour-1964-6-1,d4d80426b16582fe64a2362e48cbe052
labour-1964-203-2,b2c089cdb1f534654831dcca53d043ae
labour-1964-68-3,4a8485df72c4182200c65d329a3b4792
labour-1964-1-3,318cef245a54444a99d1cf3ed53e780b
labour-1964-200-1,8b5c9c84e60f221dc3f6b63b7a642ca5
labour-1964-25-1,6d5763211d05b3acf8f00aceb4658c81
labour-1964-69-1,8612805d80e6cf25df4c531d43a52785
labour-1964-23-1,6a8c431acbf105644511d4c357e3bc9e
labour-1964-20-3,6ba5deb0a444508a2e14d5af4769e10a
labour-1964-74-1,2a341120e6fb4e26a9ddf3a78ca19930
labour-1964-169-3,6068aedf95cc5ec7ff88fedf36c6f527
labour-1964-142-1,2ecfba9055c6810abd04ed89277ed747
labour-1964-75-1,2bb5bcfc4927ecfca98fafe8919b1003
labour-1964-99-1,78b2c1f9056644816bda93f51092f389
labour-1964-148-2,ed562cdce6b1bcbda6d34acb3a4a4761
labour-1964-133-1,7d75c2643c12dabf2f8220dd69cf1324
labour-1964-3-5,5b3f3af7ad188ecdfbdb8ceded241ade
labour-1964-208-1,d35c88a3ed3a02c39ec2fe40c72c7c61
labour-1964-123-3,c7bebc32c3a18c77ebeb8e8763ca3bb5
labour-1964-243-3,8d77998fb58d4e2fb197ddcdc2d871a1
labour-1964-191-1,c82f255423b685ddfd1fee1a321113c2
labour-1964-97-3,c042fe726ffb67e1f2975496f50c87f3
labour-1964-75-2,22cc4737b3df8835214ce62d934d5608
labour-1964-36-2,e7029b8a516b8bb6fde1811741ac5e55
labour-1964-28-1,d46415c4ca9d759bd8f310388e7be02f
labour-1964-17-3,dae29b9dd2c28dd91093c82c5ebace46
labour-1964-198-2,3768db99e58c431f97ff45b7f94de71f
labour-1964-186-3,01289b698fd1999fc1ee9f78db4bf9f8
labour-1964-22-2,a5d2cb229b9fdc6f85897f1309694dee
labour-1964-19-1,0c33a3eb4b2ff2078e7ab304d2bbe273
labour-1964-223-3,a390547592baa9199735280c7420920a
labour-1964-19-2,40e01ab7c0d401d391e7cf21328bcff6
labour-1964-180-2,1263246486a958373003abcf3b2992d5
labour-1964-235-2,9eab063fdc75a681ef0f8af57c3bb6b1
labour-1964-1-2,9f1587dbcf9af25b5c4bd53c88e89d73
labour-1964-155-1,5fd64f43f6a929b1d3223b332e583ea3
labour-1964-22-3,43ba468d1b627f44ada247fada227a3f
labour-1964-31-1,c69ee1f20145821b4de16f05401abbde
labour-1964-210-1,0c7410e09f58fb77d7d84d220f91d5f8
labour-1964-144-3,0d40e0344137aa60d39d1a27f6384143
labour-1964-11-1,edd2e35b4198e4bb8c6c192843339dbf
labour-1964-18-1,6592bb74e69f3447433db9e860ba39eb
labour-1964-166-1,4076c78f58f2f96de70e9595382479d8
labour-1964-27-1,e74847cffbc4d3559a064b2bad048f5a
labour-1964-239-4,d0274f278e84726419fabc2634f182bc
labour-1966-139-1,c6d423359d5e30425f0cf820f3512cf6
labour-1966-147-1,ad97ba2fd9a6471442fe7ced5fd02764
labour-1966-228-2,aafebdfb293c06d4cba9da79ff579d18
labour-1966-228-1,c566dc53a77b91284c774618b64a86b0
labour-1966-5-2,bbd3bd5a43b2a3ae4b1c0a1af88d0f9b
labour-1966-171-3,3e0b8e5c422f96fe89e11255495e7060
labour-1966-211-4,93f0bd1f1437c9d5d8d9d80ddb8cc94f
labour-1966-24-2,4e396c600f9aaf73057a2d07089ea159
labour-1966-236-1,e4097c20a6c886c7ab77bd95c8fcd1da
labour-1966-21-3,8bffc82c9f2627174d3de2537386bb6a
labour-1966-25-1,c0f930818fc5b5d0ebf2f19a60396265
labour-1966-14-1,d9432533411e4944bac0435617b587a0
labour-1966-43-3,4ebc0c9d1f85477eaac200e9be64c744
labour-1966-108-5,1ee36d5d2407019a3d20f12cfdc11232
labour-1966-62-2,e89ec81e0bc7c2f244dd9dcd4ecdd1d5
labour-1966-122-3,e91e1579d56b8b80659ea3482876a5e1
labour-1966-130-1,174b9216ec9241f4d21580391688cae8
labour-1966-10-1,cb023415e3d3a66352c3e867c431dbbf
labour-1966-112-1,86b7fb279ea55a2304c3c15acf2cefe4
labour-1966-174-2,cd1dd5f22a5a9a4c55d4a3661d82cd93
labour-1966-6-3,323f40318d0932a0594d7d3dc4120ba6
labour-1966-123-1,0a900e1b765411d031e5bd6fd62dbe49
labour-1966-284-1,ad96cf53447cdcaf560811a19fa2bffe
labour-1966-165-1,c176db8145b797be5f6db9017a119ba4
labour-1966-246-1,da2b0e1fd8540e8ab4f4380d494f047a
labour-1966-29-5,2efd9ee2433c4cd4c8741cfe69832294
labour-1966-29-3,d15c4a7493c8513b9d5c3093f6a46da1
labour-1966-256-1,fa5c09e25528980ea334bfa5ed5de53c
labour-1966-79-2,8ba254e134e9e3a9fe32138cb748c2db
labour-1966-28-2,50216de33bc27f2eac230c9fe0c8b2aa
labour-1966-231-1,784544cafac7a52b5416cfd88663c3ec
labour-1966-34-1,1e30f32b78d47c95b5be0d15be334b70
labour-1966-53-3,6bdc1d8f35f05a770415a28ceb65de61
labour-1966-3-1,bf3b92d619c840db3f0db3b8a0a708f8
labour-1966-107-1,e018e3fb8e0e6d1bfe2b4373ad0a574c
labour-1966-85-3,b2534f4f7e1546d373e8d1c08669459f
labour-1966-297-1,a1ec02fd895d75fca8dc45f904e6d1fc
labour-1966-2-2,57c4cde21dc4245594c73d0aca35e541
labour-1966-99-2,59b2fc080434085930c46ceb4ce7b0df
labour-1966-174-3,c4ae1f15a173bc274206906e2beb2e24
labour-1966-6-2,8e23ae6db1f9345c15e08489ef7257fe
labour-1966-68-1,cf5ba8d22455ced8c1901c34357dfbc6
labour-1966-41-3,437a4e97b029262de154ddf286987e2e
labour-1966-90-1,27b86153c2e3c95598fadf40b4dce560
labour-1966-229-2,6b5c47ae3a18a128378f863678b381c3
labour-1966-241-3,c558b9cc51bfcee4b26932cec02d8045
labour-1966-239-1,cbe6113dcd50eedcc83551b5b6561a6e
labour-1966-277-1,da588472a92652e4b6fcb869538920cf
labour-1966-241-2,0f4a3a4b0001dda5926c43a9e9f48425
labour-1966-182-2,7e52222e577a611200d2686776fa0028
labour-1970-274-2,28e5d08d62febdbdc7ec1cd19a13d7c8
labour-1970-69-3,62a42cb7faccdcaf949f102bbd666d0b
labour-1970-298-1,b3cd757eea647e19174d33479ba4bf20
labour-1970-141-3,475f2b70fda183ed836903024ff35a0a
labour-1970-274-1,ec2d2162afc87641b15f5bbe767009bf
labour-1970-138-2,d3db34aab6ebe26222e7ef95bab0a088
labour-1970-148-2,739474105f8b8bbbcbf9b97f9e479026
labour-1970-86-1,6662654e517cbe8cd7fd5e09f837b845
labour-1970-11-2,8af71e37a910ccc4466b44d7836a0603
labour-1970-8-1,0f27370798849fc33fce2c0be6d25ebd
labour-1970-13-1,695dd5be09cb3fe527dcd5b6dca29271
labour-1970-75-1,dcdb0292230b8d51d47eefdba5141f1c
labour-1970-191-3,fd2105895c456587de8fe3b6f5c17512
labour-1970-10-2,740454e2d1655775ca038cb85e0ccefc
labour-1970-121-1,dd4c79ae01e4e197b9ab2f5f951b267d
labour-1970-156-3,a79c39b5703b5d4b53fb460b2628f6f1
labour-1970-310-1,c0b5c0335ccc6b75dabf152e9a9f03a4
labour-1970-102-1,b9d1a728315c1683a27bad8213eb4d78
labour-1970-11-1,d25eedd8816cdbb37f9d2b73ff54540c
labour-1970-53-3,a07afae475a1541f25b17c75c59a9868
labour-1970-135-1,0cc5e0a825eea5a704a1d9a7469d2f23
labour-1970-242-1,c390c4d9943e3cd628a7bb6c800f125a
labour-1970-142-1,ab00d6a3483f63677aa582a77187311a
labour-1970-128-1,6ab26f181db1aed8586b70c5508802e5
labour-1970-323-3,12086229e2bb555f5d94fc862665801f
labour-1970-129-1,b1cd4bcc96a60b46d6ed59be5814f96c
labour-1970-321-1,bed30c7c4e3c4d8a82e4dc497c2d1beb
labour-1970-237-1,8d4bca5ae3ef5a45b13f4c30e0a14890
labour-1970-8-4,2b3d5abd12cbbafd45ca143339710ea5
labour-1970-229-1,0be020367ea821a95fe1258cf07041ba
labour-1970-242-2,92cb2eefec9726088eaf3809aa22da1e
labour-1970-217-2,69cc5624443ff1d99a9010da85f80c75
labour-1970-211-1,783f04e7845f59bb1c7a4837dd4f62a6
labour-1970-71-1,5c6da7d36d4376a5e0c367d17d3e1573
labour-1970-78-1,0b4f54f70953cfefd5e8db026dfc8f56
labour-1970-19-2,048db2e20ccaf64686ed53006276dc4a
labour-1970-201-3,826c2683a3561507749dd4344ddff9f8
labour-1970-195-3,ff1bf6617e29cac3a9f3b54205b49673
labour-1970-9-2,8ec48043c933ecfc327d81b4c9768f74
labour-1970-6-2,a4cb368d8127add3cc980c87aa6f26df
labour-1970-314-3,8391a231a9fa4d06217e3b55b56bac6d
labour-1970-40-1,2ab43edde2196ac36987838cab026799
labour-1970-236-1,0010350e77a202edb2362e635857326d
labour-1970-17-2,024181dfb0113148923c88785e9c90fb
labour-1970-17-1,9e33fe2a0cb79b2d5c69cd9ef214dc44
labour-1970-165-1,76a347def1ea66549109fe06d06a8680
labour-1970-301-4,4ba3a7b56d269ef6fc922e837f43c711
labour-1970-180-4,d499040ce933c6fbd76836eeb64577b8
labour-1970-299-1,1c6fa34658895185e0313d55eed6c96d
labour-1970-16-1,b006867729a5ad280b2ae6ac4f74aeef
labour-1974-02-5-8,9036b320e5d76e8ef3197dd480b63294
labour-1974-02-32-1,62d558324581694d8506393d74e86d2f
labour-1974-02-24-1,b2decd1bface5f949e2121d01a5fa778
labour-1974-02-89-1,5e268e5f1d9667ad81defadbf0f65a16
labour-1974-02-5-7,1ad3a924e8a8e51e0994f85435eaba9e
labour-1974-02-28-6,9288716f6128fb2fa663462549a2db23
labour-1974-02-90-1,907826a3a593b19a8ae78d595aabe92b
labour-1974-02-62-2,2066ac90e28eb6fb439022198adc0f81
labour-1974-02-45-2,b75a40dfe321a08c5c5b3941bb7013d8
labour-1974-02-50-4,e562827e4692aee672ae41c9efa6999f
labour-1974-02-70-1,5e2cc27337c7c32b6d980d0f3110c54b
labour-1974-02-84-3,6a834b4fcd5d7d8f1abc0cb8315deaf5
labour-1974-02-4-2,7f23c4ca8d88fdf2cfb838c813fe5731
labour-1974-02-28-5,61af04d073313bfd8b9674dc4623d315
labour-1974-02-68-1,e3cd3ef67d8a2889342d0e110f0f2d37
labour-1974-02-83-1,df5c24110ff2b4a097de41834ebe05a7
labour-1974-02-68-2,83e0e23f0313aee1f982666a78513b9e
labour-1974-02-75-2,eb8e3361c1ec24f7b99fede95f64ce37
labour-1974-02-60-1,be8ebb812f4a7623644dbdfe060643d9
labour-1974-02-27-3,d12707908e1dde5ba036768c83f27f05
labour-1974-02-24-3,401739f6649afe0b58a74437bbfb4c26
labour-1974-02-83-3,4e9a0141fc934768a362b17c47f093d7
labour-1974-02-5-3,635f3225328c735d3e8880b41978333c
labour-1974-02-93-2,18084e80fc3871d54f75e7fdf26875ed
labour-1974-02-11-3,ee8a322d2fa4b16e337866e4b1a2a8c7
labour-1974-02-21-2,d62e6c4d0f98a458c162bb26731765a5
labour-1974-02-22-3,a313b3296bbe1f073c9de7e69682699b
labour-1974-02-39-1,2ec155d12864ee1f5249410ac2ae9e50
labour-1974-02-65-6,7d4331557d9be085012135f2485f75ca
labour-1974-02-30-1,7f9eca69b4c30988554afd7f3fc66248
labour-1974-02-15-2,399b2efb380cf24a27d62e8716ab4438
labour-1974-02-59-1,ea7a8ecae2a1fa67c1ab057b4246056a
labour-1974-02-77-1,6ef784c1d803392e294982c762142aed
labour-1974-02-91-1,1f5cc6179499deb0f9347d0e05388b79
labour-1974-02-14-2,6c56f2f93a30f83b5f7d3c37365f1cdb
labour-1974-02-50-3,7d262ee6d74affde66736f6a0e47b787
labour-1974-02-78-1,d9249fd2bf6fc4304b35538f5a2f4f7e
labour-1974-02-20-2,91aefda8239b0d9c4974978fdef1fa7c
labour-1974-02-7-2,900e54335ec1e5676f382da5b9692e84
labour-1974-02-86-1,957c89bf2b192c85cc11fef05429b056
labour-1974-02-49-3,1be5a45f9c9f6a711bff5d5ddab90806
labour-1974-02-76-1,399fbd80666460edd873e45ca814e6a9
labour-1974-02-75-1,df53e998cce2aa05ec53625e7dea151c
labour-1974-02-28-1,edf9aa0cf50328139532b43e3e3bf034
labour-1974-02-6-2,57f339f6953bc999ff7e7ae2db77bf99
labour-1974-02-30-4,d4d23e93f800faec4778a442c4060ed2
labour-1974-02-87-1,160bf6501f578eba4804b9ff6a738ff0
labour-1974-02-6-5,e63d08645c3ba0edaf48583ece6820b9
labour-1974-02-67-3,e643550b8ff3a28b467bf1d802925e49
labour-1974-02-28-3,9bf528c1dc73fbc25b8b84adf1ec8772
labour-1974-10-208-1,2c08542d49fd1b20e54f24310a4651a3
labour-1974-10-171-1,bd74af81391febaedb3afb1c2a03eea1
labour-1974-10-178-4,df4cbb8c5cb34c6d395db5e6cd2f9cc4
labour-1974-10-35-4,b9e12e4e56b9b1b82a503b09083cd6fd
labour-1974-10-57-1,f580ce74b76a4e3fb31ab1bfbad66649
labour-1974-10-168-2,b9765c2e1e518cb78220e5251a3c8133
labour-1974-10-212-1,550bf7c17f6b2cd64f435676f94a66b9
labour-1974-10-24-6,9e98f872755735469eacd796ec1e2953
labour-1974-10-197-1,209783a38b09477d00506e5025e11d8a
labour-1974-10-87-1,0b2252b88bb94640cf339c56bc6627de
labour-1974-10-39-1,79548c6b96175622eba71dc1f70984a5
labour-1974-10-100-1,4512070251f66e658c101ac8e8fc4304
labour-1974-10-172-1,f5d2ad0bb68b54dbd9dd976675985463
labour-1974-10-221-2,8a692e4687ca4e365265b22e3e5370f5
labour-1974-10-215-3,bcee6789488a6997f5eb428072af5a3f
labour-1974-10-173-2,ee281b05e3f95ca0117c685eb666417c
labour-1974-10-222-1,a387be7e5be65161494ac33d75bff3a1
labour-1974-10-93-2,3c5084921b29d7bd079f800174da11d0
labour-1974-10-126-4,403cf7cd350e2f7f5ea16573c3dac873
labour-1974-10-78-4,2b5862e12ef80d41d7fb612a42f35493
labour-1974-10-30-4,2a9f819f1c2715a1ac60c1a1d2cb0e7d
labour-1974-10-26-6,318f2b92b6b382ce393b7ed1345f14aa
labour-1974-10-217-2,95c13fc8d7ceb30b94c57c75135bb9bc
labour-1974-10-221-3,ae790e1d696fcd28678c4df9c2f99349
labour-1974-10-155-2,d867c6b77627bf02129b901a680da04b
labour-1974-10-182-5,f9a0dfb47e753e43996d2b21a8285837
labour-1974-10-168-1,bfbc01140203383a292466dde721199b
labour-1974-10-182-2,aec9e76c896763e59fff3b01c8ce7728
labour-1974-10-205-1,c384b3ac1c4d861e5bba3481f8f623bb
labour-1974-10-68-1,a8d496b0f5086cf35a076c58d3d9830f
labour-1974-10-6-1,6fb2aac1815040a9e9ab7b714847711c
labour-1974-10-40-2,6474ed73722727e2f27181a391368b4c
labour-1974-10-136-1,91ce034023a95b5537e3ab7c042c3ef7
labour-1974-10-117-2,8e071d1681005cd8bbc935fc1be0296c
labour-1974-10-35-3,1da5a1ea4628ac7aab79377fda7d5dc1
labour-1974-10-115-2,480e9fcda380fefd92e2e9f3e7aa7774
labour-1974-10-217-3,e67b5d4f75621dc4f0b5ba0427bd0560
labour-1974-10-99-1,9c4087598b52f5c90b0b5f5515e9fe8a
labour-1974-10-97-2,9c6076069971a72081a58336eaec015b
labour-1974-10-212-4,1536c1641e93823d07f1d4362082250c
labour-1974-10-74-1,353a946b0b6e36ebcde05ac4bb6df566
labour-1974-10-194-1,4cc62aa8bd68b47f96521a30cb64ccfa
labour-1974-10-93-3,781e0555fa84f5d6a90c003fdcdc17aa
labour-1974-10-220-4,e70e58678ac38afe7d1c8005fd128bf2
labour-1974-10-111-1,ea0ba4296a15e1a9827199bdc70c29b2
labour-1974-10-148-2,d6a0b788529ee42f1489b13291625e93
labour-1974-10-181-3,d8b1677617a26c535aa149f72474bb30
labour-1974-10-34-1,e7ed0e22637b5640af937ef70be23345
labour-1974-10-83-1,a39620e60492b5293a2451283a4e26a2
labour-1974-10-16-1,9a6a0dfc5b7766c65c7de32f36c1b202
labour-1979-223-2,067210d28ff9c03acfce7c0c312bd233
labour-1979-152-1,6a046763dc2b8116a6b079bb04dea9f4
labour-1979-35-2,6edb568a23a98e372ea0eab3ea34b0dd
labour-1979-157-1,dc08cf3c6485a78ee05b89d1f3374448
labour-1979-13-1,de4a84d3159b41875c5e5e6013b3b773
labour-1979-48-1,18c334128949f7feecf24bcee9f22ecd
labour-1979-30-1,9a0970a0c29b7940c1a6a51dafacad16
labour-1979-192-3,b1ac65813ed9f1507b2ca824465e445b
labour-1979-206-1,5db19280789f76fd6923b32c587bf421
labour-1979-223-1,5cd629af74df871e2a452a417f342144
labour-1979-116-2,3b03e123243000b2105a10fb0a6e1264
labour-1979-68-2,44bb8e5bfbfaded8e82e552267069e95
labour-1979-203-2,1fd9a73cce09cac5ec0c36fa2a33176d
labour-1979-181-2,7ecb5482d717dd5ef9c8be0b7499670f
labour-1979-120-1,9426b88bace00f1c7dd9f30ddbbfd970
labour-1979-197-2,83670f211117ee76ad5ca5ab267f9122
labour-1979-184-1,0c0abaaaf6bd4d62460b28827194b089
labour-1979-61-3,87bfc6cc7e6155c84046b73c3d150480
labour-1979-7-2,58bfa9260027957650ef41bf477e7596
labour-1979-100-3,1737579ea129a8eae7f64584fb5e573b
labour-1979-253-1,09673d0d0dac96ce7e6b80202bbbbacc
labour-1979-133-2,3c3a40f6b0fdec18d132129d01517592
labour-1979-130-3,2fe53a48250e78b329cfc7cd03fb5c2b
labour-1979-129-2,513774ef47909fc7820b9a41664cee61
labour-1979-126-2,31dffe4eed9440b18d7017ad5e15e18d
labour-1979-227-2,e93e6ac7dd970cf3c08bc323df729d49
labour-1979-162-3,fc1fd44640afd223920338e58200f509
labour-1979-199-1,a4dbdf97474037ca6288cf7858157123
labour-1979-240-4,10c7c350eaf5318a81206d28cd99b1de
labour-1979-47-2,0af251bfce19b16dfb65a1d75648b614
labour-1979-7-1,724d8f3fd3f9f239083a3e1ca5eabf22
labour-1979-236-1,14df980d8ce6a3da0a05900c44f045b7
labour-1979-102-3,ee3c64f3fd246cbcfbaa6e533ccb656e
labour-1979-231-1,eafdf16f24b5dfa0dd47cb82e1ca3345
labour-1979-73-2,64b94be4017bf7bff2ee3a1180669b88
labour-1979-102-4,4c6e073e8fed7c371f8dcd940e8deac3
labour-1979-140-1,38c2699bab9e041b0a091545515928e2
labour-1979-225-1,da21c3e916fec44feca26c476b93c268
labour-1979-100-6,32a95a86bf683e456f27f62b3b360cbe
labour-1979-225-3,22d84f6436f886c00338bfdbeb05dfb8
labour-1979-53-2,72e5d487ff17c85bbe29466fbee13555
labour-1979-92-5,8f5a13107b35373c88010729abd24df3
labour-1979-130-2,87bfcb4b372094a3eecb8b8d396c6d47
labour-1979-62-1,e4d5b2dc103170413d2be986f626f68b
labour-1979-27-2,34dc72c5ad0e576dd061f602414eba3c
labour-1979-92-2,6a8cf5c03e7dfb668000fad271295cfc
labour-1979-135-1,16f39de613b72e6bc957d9ccf2920774
labour-1979-86-3,a0d3965b70d013acb70f4e3bb5488420
labour-1979-46-1,eb24fb05e63d907871f3f1db6e813187
labour-1979-97-1,b9dc9601797d3c50896bf64c4495207c
labour-1983-279-4,f14f59d04b2b89e4b7a6d4851a4e16b1
labour-1983-366-1,b64818164961f13d4913280723ade811
labour-1983-123-2,a9f607eb2a8a3209557a7f7cbbb3c356
labour-1983-472-1,674940ebd3ff4f291386c318e5c27002
labour-1983-61-4,6261a46ee359977612ad8cda3e19490b
labour-1983-226-3,38ce26991594f147230324da27a882e0
labour-1983-287-1,ac2db42907d4ae5b319beef66915c81a
labour-1983-428-1,78a07c2582eaa0d93fd17283cdc9c9f1
labour-1983-426-1,c012ad58edc42efea3a890558e478e30
labour-1983-356-4,25ab0d9c3ae3c86d8d8ce12cd6da14c0
labour-1983-519-1,2f7ee6f77621780126a4325785309e57
labour-1983-402-3,501875865943355b4f50f045db05354b
labour-1983-361-4,6f2778c05176399f268a9d05ab00ce9d
labour-1983-160-1,e18308d3bb585837d29a6e176ca911d9
labour-1983-544-4,f867a42c53f25605cdc429121c6e299e
labour-1983-100-2,ec989ad1bc07a89a36821eedc5fbf64f
labour-1983-288-2,c4397a6212bddd5b480d063f154def2e
labour-1983-92-2,5cf683a04c6bc33b90c1740beadda338
labour-1983-478-1,86a106566c5f3ae4ecaf692649f96cc6
labour-1983-204-1,3542ca9cbd050f6df3dcf6144e17d677
labour-1983-182-1,5326a82995c412a742fd3c5a07336d96
labour-1983-220-3,9e98e3f3265d0484ac262bdbe3f13e16
labour-1983-134-2,6f20780d31a679416ca1850dd8d7ba28
labour-1983-360-2,d31331a3ee593f976ce6b3f3eba85d6f
labour-1983-304-2,f8bd499094a3e06e524f7894c380bf6e
labour-1983-220-2,401e183a43a25dfcc72cb177a5cf13dc
labour-1983-117-2,0d992cbfdc8607e3c1a73385efb7f2ba
labour-1983-467-1,582171d3de189c98f8ccab6583fee4d3
labour-1983-74-1,ec312b3f3445b6c25b0c8441d8e92938
labour-1983-376-1,ed404f4d03a3cd89acbb0ae1011b46d3
labour-1983-297-1,28ac11f98095e26b1fc70077f610011a
labour-1983-352-3,a435d522e3b2540e0c6e40abfc901c37
labour-1983-78-1,92b6a38f8d164eda273075402fee4ea7
labour-1983-220-1,cd84ef62c89fcf2a27653181e477c646
labour-1983-316-1,25f04b5b1de5542d286600bb79e9746e
labour-1983-1-4,950f002a1f382a9f1155da9a896fc1cd
labour-1983-187-1,d1510c2968daedd7452ee5c3ffebb645
labour-1983-205-1,552dec43e75bb88d9943c903eb5fae9d
labour-1983-119-1,5393c77146ac3cb538ae2a6914af88a0
labour-1983-358-4,a361f646c47ffa6c4f957c7e233bfc7b
labour-1983-255-1,367b1d5f49806a19c12b3aee687259ac
labour-1983-526-2,c49e3389532d01ea32fd32b2b1da1c67
labour-1983-164-1,affa8e6d2c440a0fcdc1c2b7917265a1
labour-1983-454-2,075f812a7beb0af5300058026758c122
labour-1983-287-2,07e09f323061aa0338c7d6fcc8fb5b5c
labour-1983-104-1,fc0365f371c277ca534abbd8f58b9740
labour-1983-484-1,3a79a58874f0d4a2133cd79a7bfb02d8
labour-1983-429-3,f2b6dd9e2f6d8acb3e72725872bc9a20
labour-1983-511-3,34b22e749dff3b5551a8e015982faba1
labour-1983-383-1,18d8a8524dc0e890ff2b99061b4f3bac
labour-1987-181-1,6bce6f61a34b2cffff7f98007960749e
labour-1987-262-1,8a5412da6e501432d8bfe854f732986d
labour-1987-217-2,47fc8950e72c9a907e34a6b331a80dfc
labour-1987-226-4,e4461914bc2f8e964378473633b3161b
labour-1987-190-3,2bb605eba3f23f1e9d7232c0ff672e44
labour-1987-85-1,d6f52879c3df0f9cc249bfefd263fe9e
labour-1987-273-3,b26b74b0e891c4552475f2fdb7812d7a
labour-1987-223-1,39c15bdf7646820c944a062e151dc359
labour-1987-184-3,bdf3bf76af64d3e44a735e457b7e2e5f
labour-1987-135-1,2e2fe116bd25d2d1f514ba1e7d79e591
labour-1987-194-2,71ae154c78047abafbeee15c1c9063de
labour-1987-166-1,74f51e64b9efe8d92568f66b148a3a3c
labour-1987-168-1,c3ffb0ac0823197febf8c5300fe9b34c
labour-1987-284-2,b138f27c8585d3e62cefdb65d72d54a2
labour-1987-216-3,ddc7bdef8b63567b48d4dc90cabaf952
labour-1987-289-1,fb49d2043a449beaf431c62fe477db04
labour-1987-67-1,444e0c212b5247ec3f95a7c2d50b2591
labour-1987-111-1,5792de087e5dd5b8c45ec4e7f328de3a
labour-1987-51-2,156297d240aa56b51b73fcef72489775
labour-1987-240-1,16aad5e1a2d2bf261e9859081af1c1d6
labour-1987-19-2,1cf3b4d331276983217a04f9d626010b
labour-1987-57-2,158460fa36878cbc7c5896ecd738d0cb
labour-1987-265-1,930eaa29f83d251b5598697173347599
labour-1987-119-2,ee7585919764b4fa7b870a7277b98da3
labour-1987-223-2,9e55349764b93e3ecd2683f0c470b5ea
labour-1987-88-1,7974a5f2e1d9a5449c2fa40cfa63cbc9
labour-1987-239-2,7be9b28fb4d9253f09d5000a30e9fa27
labour-1987-196-2,ec3e6b87088d9ac30966c9bfa0ed57d3
labour-1987-184-1,89a3c45e09b72a54663ffe2662a4ebd0
labour-1987-149-1,81f22e9f40559c34be6bbbeaf4634cd2
labour-1987-187-1,aba537fd878fd8a5ed0983b41303fbe5
labour-1987-136-1,1e622bd57eff7aedfbadcc1bd790c3bb
labour-1987-37-1,6284a023ac94909ec7eeb7164df1597c
labour-1987-162-2,5c91788ab777a51924d389331ef474a1
labour-1987-196-1,4b5e7139ef81cb801e8e0ffc954ed40e
labour-1987-61-1,e2aae2861a84cb1c0ebb771a22cdbcad
labour-1987-34-1,ff1ddc02beb64b0195289d6d9347e08e
labour-1987-220-3,fcbfa68a8822ce34befba5802035cb75
labour-1987-263-1,43d3425a9de85cd6ae1b4e56b8f60bd0
labour-1987-106-1,31f8fc6b9ae689bd8d5eb1e28e966dd1
labour-1987-245-1,71ed266743ad808473527747816b4fc3
labour-1987-156-1,1afad1d40d0cb65c1eec4f11a165a5a9
labour-1987-292-2,f79feda0f53fc73a427595282008d84b
labour-1987-122-2,c3a7506d3add266cd585a4a2a8938bd1
labour-1987-102-2,3bb2824c8573350cd3d97777bce36b23
labour-1987-251-2,cacfe0eec2d30933e59500d65de4a533
labour-1987-59-1,fd0a0a5200cba575bfaa48df43c49149
labour-1987-29-1,6728cca8dc00d264ddfcbb9036d223f3
labour-1987-118-1,27f8a687ef500f5a3b3ff50d00ea8712
labour-1987-124-2,fe3a331c832df8d03f96b7b12038ac2f
labour-1992-184-2,5d33700e1ca502d8b7e1d10ac1344f40
labour-1992-256-2,c92194617f4652d880c812ab35453972
labour-1992-273-3,4f3a8cb9f8a45fcb38b557e1bc6be24a
labour-1992-260-8,d87083c17951b16160803a6f74eb6f25
labour-1992-117-1,17cf83b12afdf97b924f4313505cbed1
labour-1992-140-2,1e517f028375fd472dabc0d8e80acb9a
labour-1992-244-10,5ed23cec6e9073e9604172eea23ccf96
labour-1992-236-6,780f3ef5546a9ec2eac89aaf9385477b
labour-1992-103-1,f9d81e47a1c9c270c1bbe1b7d376975a
labour-1992-143-2,da43eaef29be2e88827477f40d5e20be
labour-1992-238-3,46742b93c85fd92c996992b3606a0540
labour-1992-79-1,d6aff71320058e2331b4c18d356d1371
labour-1992-270-3,6f8a4b04bd466247e557b40287181392
labour-1992-40-2,21c6c092b97afd2777733b49faafd23e
labour-1992-10-1,104d36385308e996bb70068be67bc9e6
labour-1992-56-1,9d303b834924cdf1abc4bd871238b197
labour-1992-254-1,8f5398a777a59891ad3d22a35a1d965d
labour-1992-194-4,9914b9ae8d9c82c70adaa1131f11e0bb
labour-1992-29-2,9940ca40018808b84cb261e9b0f5bdc3
labour-1992-21-3,ff5ee212fde20cde9badfb2383c2d736
labour-1992-196-2,5a593b00a8359eb5f2405f3464fb4e56
labour-1992-277-4,c59d52d58edd5385914d3e43a3e9a024
labour-1992-201-3,557840ae3ddeebf941f7e2e8e8163389
labour-1992-36-2,ed49e025c2973d57c1b05e8b54ded881
labour-1992-194-1,ccc5f59bb5b19ecd0f81e13a5c794c83
labour-1992-160-2,9dd116b6191a50358845d93be20c7832
labour-1992-248-12,b2587927c7e7b9b9de7cd2b7ba56537f
labour-1992-277-6,e7e5e73641167589582acdae9d63c13d
labour-1992-2-3,56459a30417b96eab6ef66c9bf7a2d66
labour-1992-97-2,8e12c130a85df39945281f8c17640edc
labour-1992-198-1,f1b77f45dc6af99d806181a5a8a1d481
labour-1992-266-1,4d8471246b47968148eab08d710d6c9d
labour-1992-185-1,6302bdb5053c36240d3df4f8a96e37fd
labour-1992-27-1,12e5b126ece77ade148a2cddc6bbdd13
labour-1992-166-3,0b50d8a777b43e49d6b437a833aedb24
labour-1992-167-1,186e3c6258b28c83f289147e3fd45507
labour-1992-228-3,444cfcd9d77450ae71fc14cf58db6b98
labour-1992-149-2,9a0b071c1ac88e5f444c9a56a1f3dc6c
labour-1992-175-3,6b40f61811fd085d10ec7afb9bdba600
labour-1992-176-1,54c9f32a1e5c86db5f3710e7681fc519
labour-1992-234-11,e271e05f9ad0dae7a040397414d0f118
labour-1992-190-3,fe44a77c8d88e63bd9d8b80802d6521d
labour-1992-203-2,2c460aa2110c73f9b6a33f724cefe9e2
labour-1992-248-1,70af332649cc6e158fd828a3a6651341
labour-1992-252-5,123a734bd82a7a3cf3f4906fa87f6a13
labour-1992-46-1,d7385062c1ecce8ab9771189c879e783
labour-1992-138-1,a0689c6c348a8831fb0b918c1b01fe54
labour-1992-126-2,41a9b2db2493736a2c62723e1b164edb
labour-1992-39-1,0630c184dc4f9cdf2c53b31d2ddb3d97
labour-1992-252-6,90171d932f2a55aaa59d9a7b1d22795e
labour-1997-32-3,07f40f8c32bf725018c0e1213fb77499
labour-1997-179-1,4ba6be908110ca87037731c5d2035c93
labour-1997-218-1,f9b961e1190f76facad1e9df995b1ace
labour-1997-41-3,1b9c730526708fe8d9a4f19299c97c6c
labour-1997-24-5,1310d4b62ecbda98f50c0f1b42c307db
labour-1997-425-1,9c9548cf1dabd0494c1b97915a67431c
labour-1997-111-1,3cefa336eb79bbf4a34d35e3cce1dc1b
labour-1997-233-1,3723cb01f8237289f3eada46b7e0b33a
labour-1997-29-2,27e0f4e07bbc388ff79633d582add131
labour-1997-419-1,5ebba86415676d47728aa9dd9ff31f6c
labour-1997-227-1,4e9cb043cb8230a81743e684362bf921
labour-1997-429-3,90dddc5017beacbe3768677a1622463f
labour-1997-102-3,3e6cef72da98d9b9c6ef2319b942a6c9
labour-1997-10-3,6df4ea9ddbbd152e28f071f0c768cfbb
labour-1997-273-1,f7a40f122b09c3297c25a4e5531abd54
labour-1997-416-3,515ee48b9ea3acacced354e6a7ae8078
labour-1997-494-2,aa06f2694a4f56cf54477583d5fd631c
labour-1997-185-1,b3f937469eef711cbff1538b5de0cd93
labour-1997-10-1,a9a3b92bd64db0ccc23dc31bc2388f1a
labour-1997-264-3,336798202801ff14193314875fa45da0
labour-1997-102-4,3907a470dfa8c5d13826f8336e7e7efd
labour-1997-460-1,0c9cf002fff3a96ade578577cc2d1b38
labour-1997-316-1,2ecfbd18aa171cd511abff6280bb49ff
labour-1997-387-4,3050ae25c46c97a91403c93f7b9efd97
labour-1997-81-1,d9025dadf6107a4a5f42edf6bc91c20b
labour-1997-435-1,b71b1f2b4b55ef2581e00919588686c9
labour-1997-466-3,f2ce944c035dedb2995b3537e14c6986
labour-1997-221-1,4a6d77b31724b203de3780c9c5839d2a
labour-1997-428-1,731e5398da6e5ab1ddfa5fa79b655c6e
labour-1997-94-2,7bbc39d21b8b0106fd26c53d1fe822a2
labour-1997-132-1,f8c5cb46519625f3562a55e80c7789e4
labour-1997-97-1,cba651d3e3feefefa5a57871151d133f
labour-1997-442-1,b285828a7cffdf1ba5f7bb6e470d640e
labour-1997-262-4,3afee5d6123b25b51142b95f2962fe7a
labour-1997-463-2,9025793f775583749553618f1e9d2f6f
labour-1997-14-2,40189fd27a44ac1f9506bdffe0812e44
labour-1997-41-2,ab751f3ca284959b792409f7fd03be5e
labour-1997-331-2,2f75303f94a31f86ef2989d2026d4c59
labour-1997-471-2,09a29a8c5471b5bc8bd527f68c4cfd8c
labour-1997-447-3,e6e2c6635ab7dd3a6974509c8609c5c2
labour-1997-137-1,eed5a157bff6a5b62c58b0983d02385f
labour-1997-105-3,ae7831d602fb226c3e2cfcf1fddb6ea8
labour-1997-26-1,b1f54ef4d706f79f57ef470da253e812
labour-1997-252-3,d90b962c19aa9870928fd4dd9c282dc9
labour-1997-374-1,00e4b953dd9a5e43f67f28982710d40a
labour-1997-135-4,5077d8f10a3b13f56a4b93be41bae6e7
labour-1997-407-4,e5df32bd79628f9c34c7e7ebfca1796b
labour-1997-190-4,78f5dfe3a3f3b08f4ad9f4749baca67b
labour-1997-116-1,2ef0bbd90dd1b1aea630ea3e59294a13
labour-1997-32-2,f04151d1fb10857f57b6121aa5d330d4
labour-2001-126-1,bb7495f7b9b765e9bbd3f0da682524c3
labour-2001-737-3,aab59eb60266f979259764c9734f64c3
labour-2001-633-2,966e3bfec4def8364dde52fd8a6a8510
labour-2001-150-1,3737573e4b26d113064d820286155bbb
labour-2001-739-3,eebaa02ef63fd67828280365468a81be
labour-2001-389-2,99e6ca5abe176502be0dc9b0aacf71d7
labour-2001-118-1,6e0879e24bc72428c990022329e6f9ab
labour-2001-124-1,d5c49d2386f0150c5cf9dc99fa37c869
labour-2001-199-1,fb5d322513ec7992279156f112ef4110
labour-2001-710-2,389ffe20a58ae13e0d72d35c57bac65e
labour-2001-215-1,730bed3e9cf45db22532c7aa380ba6ad
labour-2001-307-1,0a3dde91900392f5cedc11763fd41e3c
labour-2001-698-2,cb354f03a3d9f7a961314778fe7a1e7a
labour-2001-597-1,04580f457a272e223cabcccc82cb028f
labour-2001-739-4,a41671f0fb92fd0dfb5dd7c86343f909
labour-2001-142-1,4c4af74a78b7119128051e9ceff36041
labour-2001-278-3,d794d7b3a0dd1d79431ed2de69a35cb3
labour-2001-71-2,9afe6b8f6813c7508be4341eebaa35d6
labour-2001-83-1,b66c067c68ec979d68da9318deb07c01
labour-2001-133-1,09b9045f61df2d85697a3d4f4cb8153d
labour-2001-603-5,27eb267771c77db007f65e569d3c5f39
labour-2001-366-1,43d4fa3410f354442df2465151aaabfa
labour-2001-704-1,f4c80a5b062c9a33a85f804916de8ef1
labour-2001-29-2,42022f89b6ecaf67780768abfa44f1d7
labour-2001-505-3,211ef7930a5ba594f9d0b062d77eb90f
labour-2001-250-2,14b8e22cf4f1d6ce1dd59c5da76b9613
labour-2001-680-2,58b0777181aef0c614ca56d69e4237ab
labour-2001-47-1,c405ac7126b1b92e967a85ba8039127f
labour-2001-21-5,f44c54f47c0ea808f835961a8c296b13
labour-2001-14-1,0be0dd6ee1cfc916ab48e49959751021
labour-2001-18-1,834993524c001da63e84725ff4f67279
labour-2001-709-1,f46f3d7886d67fef1dca304e5b635d3d
labour-2001-463-2,ba90362f03fa66d26fb8f085b8ffabca
labour-2001-523-1,e9f61349fd2e2f83979ca60a34c25d5e
labour-2001-73-2,28d45129590b65c003a2f70849bbbd51
labour-2001-704-2,57842aba38fc8980d2b630af77596da1
labour-2001-728-1,a69aef7e6d71800125796ca3b989ba42
labour-2001-718-3,f39ee6075dad3abce61c3208464d669b
labour-2001-686-2,340ab53cc12c28f2b8c303559e0b2d67
labour-2001-312-1,eba76b2dc7ec43b0c36e7e6069203a4b
labour-2001-8-1,41e8344bd37540c7dbce7899dbb1e008
labour-2001-648-1,23ac760501df1a331b5dbc8ad86ae41a
labour-2001-466-4,5ee58e3af58d07331532847d42042e38
labour-2001-65-4,df4727e92728bfdbc1eebad73c676f29
labour-2001-204-2,496ceda60175ad6e9a86af37e1f46878
labour-2001-726-2,b495fbdf05dd093a91f201e98166a03d
labour-2001-474-1,deb91b80e1915842df184f2d6ce97276
labour-2001-674-3,b96658d2727d10e4da7795536c648737
labour-2001-658-1,d6cd7b8ea165a85ab74bff57d667f7f0
labour-2001-382-4,645b17081978814e33f9f3667daa333c
labour-2005-509-1,664d6564f738a5dfe13b5e110f91948d
labour-2005-394-5,5c5250f62e4bb2e8d363fe7b966baac2
labour-2005-171-1,bc132c94af24adb7c0d803c5f0a7f14f
labour-2005-13-1,7f20469dd3080237965c4016defa281f
labour-2005-17-1,ab6fcf69c9e1bed8049dd913f0ee39dd
labour-2005-329-3,5f5e13325b0cb775dc7ceb5323db405d
labour-2005-348-1,219946f077c9987ac904e15ed8c37b8b
labour-2005-162-11,9247c29719e721234421e8db7fff6f89
labour-2005-175-1,0a7ca4717981fb19caac5f85af1c7617
labour-2005-337-3,a58fcdacbc6f3db654214f0e37d490d9
labour-2005-108-1,b83d974f8b3eb979b405e299c2db539b
labour-2005-451-1,5e57aaf50d8a27a3ea03aedc0d9fa0a8
labour-2005-539-3,d6cd607a520b5c4ed51ab1b570cb5a03
labour-2005-453-5,3662897fc5b894c5315c539b4d8774c1
labour-2005-105-1,9533e7d9fc15c98cb16736c8d4ac7e2b
labour-2005-24-3,bafa74916eea9197afce85cc654b984b
labour-2005-321-4,e2400d2e9addab81609e4e900c2a7e78
labour-2005-382-4,9d207f1b892ac3bc1deed41471fdacdf
labour-2005-331-1,bc35cf6220311aefb3a898736e9fe881
labour-2005-38-1,2bae3742a154ca24068dd84536d491b5
labour-2005-190-1,6f798dfdc02c726f395f171afc6f1959
labour-2005-324-4,f0be909bcbb8cdafba3cf84f8c824abd
labour-2005-66-2,df123cbd5388c554908fde388117ebac
labour-2005-470-2,7aae6e00477725c3153cd04d7f54df63
labour-2005-21-1,11f70028953501cc4bf0a88258b44a01
labour-2005-348-3,3232ab5dd1aef88730e4f156de45c97f
labour-2005-349-3,d31d7bb9abc33daeadf3461e59a845fa
labour-2005-24-4,7bed8b5b07471440b08dd70307535c7e
labour-2005-368-2,c24bd17cd51aade802f7a133368c1d6b
labour-2005-483-1,e71a88336a857daa4750c64308defa4d
labour-2005-170-2,3b790397756e4ef1b231646cd1780e29
labour-2005-468-4,251973358c8facba3777da5fcd75872d
labour-2005-249-2,0f6be4858764066e60bf79cb25e973da
labour-2005-377-4,a10290c2a329b5fb4b39aae0f2c00d61
labour-2005-444-2,991e18185003e6dcc525b378e3f14535
labour-2005-319-2,141f6aede024ab20d9d82615482e235e
labour-2005-25-4,f15620468cfdb6725679e83b663c628f
labour-2005-29-1,9e32c6d4321f245aabcf7cce922ba950
labour-2005-35-1,86f4e530654936675d429cb088a1d281
labour-2005-265-2,087fc12ae079ac0ddaad93d67f8ce07a
labour-2005-496-3,7589be1b1ad0cc7c70dd30d748ffda41
labour-2005-543-1,0a9315b60462173461f20f8501b7b708
labour-2005-23-2,99634153bf4332167588a48aff597f48
labour-2005-20-2,d6dde3d761fdc1f2a396551eacd5c2dd
labour-2005-492-3,be611e3e93c5bd1c53ee56a44da80bf6
labour-2005-398-1,dddd807aa867fc7bc6b3a2981489260a
labour-2005-453-3,7cf5e6f7f7be5793b5cfaf7db9386a3d
labour-2005-349-1,295b0702d713cf0eb45e26cdf955544e
labour-2005-14-5,4612c82b14f81041f3733609578dde21
labour-2005-552-1,222f12ec34504218d74ca87ef1fee1c3
labour-2010-16-1,47036d81ed22eeb33a375d3a01163bf5
labour-2010-668-1,97d6cbf458c8719f31fd50800c0f8940
labour-2010-420-5,a0369258fc17334b84208b9dd0e46fa5
labour-2010-548-1,d42e617f3cd4c1e504b55aa3fd8a299f
labour-2010-250-3,95836b1c9bb3c14636c85983070dda00
labour-2010-22-4,1ac13b563e7ce546c59e29de4768f34f
labour-2010-340-3,a02f025d8be865aa7e7c218e7b0a4450
labour-2010-477-2,46ccbde156f3cb5087ce0079141d340f
labour-2010-3-1,2cd4ea9cd3116a40f0f6aa22ec814576
labour-2010-537-2,f7505e13bffedd465a4bf79c5f7a4399
labour-2010-150-1,b6a60bc3fd2edc7cc21571d8dff2bc57
labour-2010-373-2,00b06fcb36b7eeca86bde4d71753ecf1
labour-2010-310-1,4621b4397e3647f52b2d0eeb0eeda116
labour-2010-613-1,fd21e790a6fc62e4f7565ab5e10e514e
labour-2010-232-2,17dd1f4b9caa900f5927630c01dba690
labour-2010-312-4,6dfef5984732db96eabc374f5d6bdd76
labour-2010-262-1,b843c75108a9f482bd5d54630cee80e9
labour-2010-376-3,ef5397196927b4ecc2b2be47c4c17600
labour-2010-23-2,41653eab0854c6986721617d8ba4aa89
labour-2010-604-1,d0c24c339a63c448a57c8c3070c12480
labour-2010-553-2,790fb417b2d45cdd258d7fd6a3684a2d
labour-2010-439-3,7af88ae6eee4671d2801f1ebd6da2628
labour-2010-124-3,540c3fad3f5c63fc574fad9b46489b04
labour-2010-500-2,76e2c9e40f192741d3f721cc72b6df6a
labour-2010-587-1,c1b5b5bceae45dfb8f6395341da3f66e
labour-2010-338-1,69893bb8bcc7df5819a24f43f187b5fb
labour-2010-559-1,c678e75953369e6e51169aa25fedf634
labour-2010-661-1,54d15680b17540ef4d17ff6e069a9d50
labour-2010-45-4,a06a01a6206a6fbf519b9ad50c983be9
labour-2010-633-1,4af5bb8019f135d72baa5625143bacba
labour-2010-509-3,553e555c18ba7744dd5fc07769a8d5c5
labour-2010-18-1,328213b18824897d98c39af25cbbed9e
labour-2010-19-2,58249f9846ca99b9df4afd6b220756db
labour-2010-394-1,6b51124c8725e1ca7b59e02f566b06d7
labour-2010-51-1,e1220219f1372a6a7845f4f4c769a1d1
labour-2010-631-1,b566bce4d49a6707eebf7c16f9e79571
labour-2010-209-2,47d2c0a71b2b901ffa2ed8fc56d4dd85
labour-2010-662-1,30bd6af813847aa2a624568810dabc5b
labour-2010-460-2,ccd3231f787f06ab51016cb5c28b7e03
labour-2010-42-5,239302ebb798a642a5ce610a3eca2cb3
labour-2010-658-1,659204c3555a0fe8ead8b54fdf2f908b
labour-2010-5-5,39bab64f53a0b6ae50b7db2c89450d86
labour-2010-142-1,22ab53a8f50d9543cd8aca3c3dc812d5
labour-2010-276-1,ad2e53c594291c3889917d23ce47804d
labour-2010-9-5,a160ba7111240899e2939c7c2b775e19
labour-2010-121-1,f86108118f82060100c5bbe4eac4aa5e
labour-2010-484-2,8d0cace1cce9630847000f72cb3b2a1c
labour-2010-321-3,a9d57e65309bbbdcc7cfe7e6ed8384f7
labour-2010-666-1,9a7ee834f64427c8154549c4f0e834bb
labour-2010-510-1,0a9358790e6fd317fc81abc8feda6106
labour-2015-40-4,69f1fe1a19235b81573d3aee744ff8ff
labour-2015-10-2,57111293351f6ad9eec4c7b0ec8ef91e
labour-2015-47-3,393ae1b8258226d9e97eb74d86a3c543
labour-2015-335-3,ded32d2d6cc623e003a577f1a95b635a
labour-2015-5-3,a695e697ff2c5f6e2e81995797612ea8
labour-2015-10-4,adc2f1e1efb2e71badde46a979ba0132
labour-2015-182-2,3207f0669ef04b2ff286e6d40722f404
labour-2015-3-1,e4d177e4eb5025dac9f4eaab046b8421
labour-2015-299-3,66709ee895fd48dbdd92f8507641fa00
labour-2015-129-4,244feff978197b42231b47dde4cd6c8c
labour-2015-211-4,76f579280c40d2511a4bb517cb0e09f0
labour-2015-325-1,78ac943e07b3be23b9f7bf6327c1ac03
labour-2015-201-2,bf877ce03ebc00301822b54b588fd46e
labour-2015-219-6,c439ddb6f4d07894256fff349e9e8158
labour-2015-300-2,0679c5c997a2391f5eb482d9323dfc00
labour-2015-103-1,502c7529547c61b64e74fab28ee42b08
labour-2015-379-1,1583c505490e855ed5567888d5f60c7b
labour-2015-335-1,803e8d30f5867d7f73555d968b746704
labour-2015-195-2,752594bbc61725a81e53df1c05187c42
labour-2015-159-4,8b8197bdc17b495f9cbd0b32bef061c3
labour-2015-193-3,0e51f238f06bc283846820cfe7a655b6
labour-2015-67-5,855eaf1c6d489d3f20e5fc64ebde8d7b
labour-2015-139-2,88e732b7403c9600d2638a7028f2218c
labour-2015-139-1,acc9f6fb2de2a6add792ddc72cd255af
labour-2015-17-1,810b9823c5c43b0c022b47aacfef5ee4
labour-2015-380-1,43d2addda14191c2bf4a29de28088dc8
labour-2015-377-2,896fbe2a009d40b9c2cac906b94e6197
labour-2015-182-1,36b2f6a25d9f535865438f79843a5805
labour-2015-159-7,b99bef275cfe077f1def07e888df74ed
labour-2015-177-1,75b3572cfa7aff83cc775a5398b2941d
labour-2015-366-1,01021588c25bd03031d6bd2ab77313bb
labour-2015-38-2,2f9a9677f2566567261e4644d7f21206
labour-2015-7-2,3126ddc901e5ff3305ba98dd6f29a536
labour-2015-157-4,1ce767c69016dc53ceb32f2ca5b0e96b
labour-2015-273-1,e1a68fe3f84be671c5bbe0df2e1b8ca6
labour-2015-26-3,5af9f556a2ac3f69295075f4ab727aac
labour-2015-117-1,35cc1f7ba2568778ce22f583482d3b7c
labour-2015-14-2,0c8e73ccd613e89783f94967ebe59385
labour-2015-10-1,f5d8e605bd4841f5e95e147c43e3cb67
labour-2015-160-1,b4384acc04d2ea8bab29800b384d9d75
labour-2015-38-4,739d3810aa71810f230a5dbd4285fcb5
labour-2015-379-5,4c765989e1c7b124ef9280903a98ad02
labour-2015-347-2,0ceac99ff55bd087b75ab731097942e4
labour-2015-277-1,7e2a1684a5ebdf703a3b1c66fba5d798
labour-2015-297-1,1e8381f1e9fca550dda8c7918299fe1b
labour-2015-285-3,e149a0329514d3817ccd1f9499359a0c
labour-2015-338-1,023969dc58ef6a373c7f0d3fb4863c32
labour-2015-262-1,47dc94af63c43876feadf74bb3765499
labour-2015-372-1,a8c378a6c4db4e1e3008beed5ea049bd
labour-2015-360-1,873b42b58123de9aaa327f0b7b74fb93
